Sequence;MOTU_Refined
ANDEA005N22_B_cf_korineki_Colombia_BOLD_AFG1465;1
ANDEA006N22_B_cf_korineki_Colombia_BOLD_AFG1465;1
ANDEA007N22_B_cf_korineki_Colombia_BOLD_AFG1465;1
ANDEA008N22_B_cf_korineki_Colombia_BOLD_AFG1465;1
ANDEA013N22_B_cf_korineki_Colombia_BOLD_AFG1465;1
ANDEA024N22_B_cf_korineki_Colombia_BOLD_AFG1465;1
ANDEA037N22_B_cf_korineki_Colombia_BOLD_AFG1465;1
ANDEA038N22_B_cf_korineki_Colombia_BOLD_AFG1465;1
ANDEA039N22_B_cf_korineki_Colombia_BOLD_AFG1465;1
ANDEA040N22_B_cf_korineki_Colombia_BOLD_AFG1465;1
ANDEA053N22_Bosmina_Colombia_BOLD_AFG0616;1
ANDEA054N22_Bosmina_Colombia_BOLD_AFG0616;1
ANDEA055N22_Bosmina_Colombia_BOLD_AFG0616;1
BCRUA087N10_Bosmina_United_States_BOLD_AAD9782;2
BCRUA088N10_Bosmina_United_States_BOLD_AAD9782;2
BCRUA159N10_Bosmina_United_States_BOLD_AAD9782;2
BCRUA161N10_Bosmina_United_States_BOLD_AAD9782;2
CAZUL101N17_B_tubicen_Mexico_BOLD_AAD9782;2
CAZUL102N17_B_tubicen_Mexico_BOLD_AAD9782;2
CAZUL104N17_B_tubicen_Mexico_BOLD_AAD9782;2
CAZUL105N17_B_tubicen_Mexico_BOLD_AAD9782;2
CAZUL191N17_B_tubicen_Mexico_BOLD_AAD9782;2
CAZUL192N17_B_tubicen_Mexico_BOLD_AAD9782;2
CAZUL193N17_B_tubicen_Mexico_BOLD_AAD9782;2
CAZUL194N17_B_tubicen_Mexico_BOLD_AAD9782;2
CAZUL195N17_B_tubicen_Mexico_BOLD_AAD9782;2
COAPP328N13_Bosmina_Canada_BOLD_ACF9023;2
COAPP329N13_Bosmina_Canada_BOLD_ACF9023;2
COAPP559N13_Bosmina_Canada_BOLD_ACF9023;2
EU702022_Eubosmina_tubicen;2
EU702023_Eubosmina_tubicen;2
EU702024_Eubosmina_tubicen;2
EU702025_Eubosmina_tubicen;2
EU702026_Eubosmina_tubicen;2
EXDB1873N21_B_tubicen_Mexico_BOLD_AAD9782;2
EXDB448N20_B_tubicen_Mexico_BOLD_AAD9782;2
EXDB579N21_B_tubicen_Mexico_BOLD_AAD9782;2
EXDB731N21_B_tubicen_Mexico_BOLD_AAD9782;2
EXDB732N21_B_tubicen_Mexico_BOLD_AAD9782;2
JN294865_Anomopoda_sp_BOLD_AAD9782;2
JN294866_Anomopoda_sp_BOLD_AAD9782;2
JN294889_Anomopoda_sp_BOLD_AAD9782;2
JN294890_Anomopoda_sp_BOLD_AAD9782;2
KC617008_Eubosmina_tubicen;2
KC617009_Eubosmina_tubicen;2
KC617010_Eubosmina_tubicen;2
KC617011_Eubosmina_tubicen;2
KC617012_Eubosmina_tubicen;2
KC617013_Eubosmina_tubicen;2
KC617494_Eubosmina_tubicen;2
KC617636_Eubosmina_tubicen;2
Liederobosmina_Guatemala01a;2
Liederobosmina_Guatemala01b;2
Liederobosmina_Guatemala01c;2
Liederobosmina_Guatemala01d;2
Liederobosmina_Guatemala01e;2
Liederobosmina_Mexico02a;2
Liederobosmina_Mexico02b;2
Liederobosmina_Mexico03a;2
Liederobosmina_USA05a;2
Liederobosmina_USA08a;2
Liederobosmina_USA08b;2
Liederobosmina_USA11a;2
Liederobosmina_USA11b;2
Liederobosmina_USA11c;2
Liederobosmina_USA11d;2
Liederobosmina_USA11e;2
Liederobosmina_USA13a;2
Liederobosmina_USA14a;2
Liederobosmina_USA14b;2
Liederobosmina_USA20a;2
Liederobosmina_USA21a;2
Liederobosmina_USA21b;2
Liederobosmina_USA23a;2
MT888232_Eubosmina_tubicen;2
MT888247_Eubosmina_tubicen;2
MT888279_Eubosmina_tubicen;2
MT888325_Eubosmina_tubicen;2
MT888336_Eubosmina_tubicen;2
MT888361_Eubosmina_tubicen;2
MT888366_Eubosmina_tubicen;2
MT888464_Eubosmina_tubicen;2
MT888481_Eubosmina_tubicen;2
MZ517301_Eubosmina_tubicen;2
MZ517335_Eubosmina_tubicen;2
MZ517466_Eubosmina_tubicen;2
MZ517641_Eubosmina_tubicen;2
MZ517674_Eubosmina_tubicen;2
MZ517739_Eubosmina_tubicen;2
MZ517828_Eubosmina_tubicen;2
MZ517857_Eubosmina_tubicen;2
MZ517893_Eubosmina_tubicen;2
MZ517899_Eubosmina_tubicen;2
MZ517920_Eubosmina_tubicen;2
MZ517951_Eubosmina_tubicen;2
SKAAN072N19_B_tubicen_Mexico_BOLD_AAD9782;2
SKAAN074N19_B_tubicen_Mexico_BOLD_AAD9782;2
SKAAN075N19_B_tubicen_Mexico_BOLD_AAD9782;2
SKAAN126N19_B_tubicen_Mexico_BOLD_AAD9782;2
SKAAN128N19_B_tubicen_Mexico_BOLD_AAD9782;2
SKAAN305N19_B_tubicen_Mexico_BOLD_AAD9782;2
SKAAN316N19_B_tubicen_Mexico_BOLD_AAD9782;2
SKAAN737N19_B_tubicen_Mexico_BOLD_AAD9782;2
SKAAN742N19_B_tubicen_Mexico_BOLD_AAD9782;2
SKAAN872N19_B_tubicen_Mexico_BOLD_AAD9782;2
SKAAN883N19_B_tubicen_Mexico_BOLD_AAD9782;2
SKAAN890N19_B_tubicen_Mexico_BOLD_AAD9782;2
ZPLIV669N11_B_bosmina_tubicen_Mexico_BOLD_AAD9782;2
ZPLMX140N06_B_tubicen_Guatemala_BOLD_AAD9782;2
ZPLMX141N06_B_tubicen_Guatemala_BOLD_AAD9782;2
ZPLMX409N06_B_tubicen_Guatemala_BOLD_AAD9782;2
ZPLMX410N06_B_tubicen_Guatemala_BOLD_AAD9782;2
ZPLMX411N06_B_tubicen_Guatemala_BOLD_AAD9782;2
Liederobosmina_chilense_Argentina08a;3
Liederobosmina_chilense_Argentina08b;3
Liederobosmina_chilense_Argentina08c;3
Liederobosmina_chilense_Argentina08d;3
Liederobosmina_chilense_Argentina09a;3
Liederobosmina_chilense_Chile02a;3
KC508661_B_meridionalis;4
KC508662_B_meridionalis;4
Liederobosmina_meridionalis_Australia01a;4
Liederobosmina_meridionalis_Australia02a;4
Liederobosmina_meridionalis_Australia02b;4
Liederobosmina_Argentina03a;5
Liederobosmina_Argentina03b;5
Liederobosmina_Argentina03c;5
Liederobosmina_Argentina03d;5
BACZP386N16_B_huaronensis_Mexico_BOLD_AAB9669;6
BACZP388N16_B_huaronensis_Mexico_BOLD_AAB9669;6
ECCAJ304N23_B_huaronensis_Ecuador_BOLD_AFI2124;6
ECCAJ308N23_B_huaronensis_Ecuador_BOLD_AFI2124;6
ECCAJ388N23_B_huaronensis_Ecuador_BOLD_AFI2124;6
EU702003_Eubosmina_huaronensis;6
EU702004_Eubosmina_huaronensis;6
EU702005_Eubosmina_huaronensis;6
EU702006_Eubosmina_huaronensis;6
EU702007_Eubosmina_huaronensis;6
EU702008_Eubosmina_huaronensis;6
EU702009_Eubosmina_huaronensis;6
EU702010_Eubosmina_huaronensis;6
EU702011_Eubosmina_huaronensis;6
EU702012_Eubosmina_huaronensis;6
EU702013_Eubosmina_huaronensis;6
EU702014_Eubosmina_huaronensis;6
EU702015_Eubosmina_huaronensis;6
EU702016_Eubosmina_huaronensis;6
EU702017_Eubosmina_huaronensis;6
KC616786_Eubosmina_huaronensis;6
KC616787_Eubosmina_huaronensis;6
KC616788_Eubosmina_huaronensis;6
KC616789_Eubosmina_huaronensis;6
KC616790_Eubosmina_huaronensis;6
KC616791_Eubosmina_huaronensis;6
KC616792_Eubosmina_huaronensis;6
KC616793_Eubosmina_huaronensis;6
KC617500_Eubosmina_huaronensis;6
KC617501_Eubosmina_huaronensis;6
KC617502_Eubosmina_huaronensis;6
KC617503_Eubosmina_huaronensis;6
KC617504_Eubosmina_huaronensis;6
KC617505_Eubosmina_huaronensis;6
KC617506_Eubosmina_huaronensis;6
KC617507_Eubosmina_huaronensis;6
KC617508_Eubosmina_huaronensis;6
KC617509_Eubosmina_huaronensis;6
KC617510_Eubosmina_huaronensis;6
KC617511_Eubosmina_huaronensis;6
Liederobosmina_cf_huaronensis_USA03a;6
Liederobosmina_cf_huaronensis_USA03b;6
Liederobosmina_Mexico01b;6
Liederobosmina_Mexico01c;6
Liederobosmina_Mexico01d;6
Liederobosmina_Mexico01e;6
Liederobosmina_Mexico01f;6
Liederobosmina_Mexico01g;6
Liederobosmina_Mexico01h;6
Liederobosmina_Mexico04a;6
Liederobosmina_Mexico04b;6
Liederobosmina_Mexico04c;6
Liederobosmina_Mexico05a;6
Liederobosmina_Mexico05b;6
Liederobosmina_Mexico05c;6
Liederobosmina_Mexico05d;6
Liederobosmina_Mexico05e;6
Liederobosmina_Mexico06a;6
Liederobosmina_Mexico06c;6
Liederobosmina_Mexico07a;6
Liederobosmina_Mexico08a;6
Liederobosmina_Mexico09a;6
Liederobosmina_Mexico09b;6
Liederobosmina_Mexico10a;6
Liederobosmina_Mexico10b;6
Liederobosmina_Mexico11a;6
Liederobosmina_Mexico11b;6
Liederobosmina_Mexico11c;6
MCM690N17_B_sp_Mexico_BOLD_AAB9669;6
MCM691N17_B_sp_Mexico_BOLD_AAB9669;6
MCM692N17_B_sp_Mexico_BOLD_AAB9669;6
MCM693N17_B_sp_Mexico_BOLD_AAB9669;6
MCM694N17_B_sp_Mexico_BOLD_AAB9669;6
MCM695N17_B_sp_Mexico_BOLD_AAB9669;6
MCM696N17_B_sp_Mexico_BOLD_AAB9669;6
MCM697N17_B_sp_Mexico_BOLD_AAB9669;6
MCM698N17_B_sp_Mexico_BOLD_AAB9669;6
MCM699N17_B_sp_Mexico_BOLD_AAB9669;6
MCM700N17_B_sp_Mexico_BOLD_AAB9669;6
MCM701N17_B_sp_Mexico_BOLD_AAB9669;6
MG449420_Eubosmina_huaronensis;6
MG450143_Eubosmina_huaronensis;6
ZPII1067N11_B_huaronensis_Mexico_BOLD_AAB9669;6
ZPII1068N11_B_huaronensis_Mexico_BOLD_AAB9669;6
ZPII1106N11_B_huaronensis_Mexico_BOLD_AAZ8987;6
ZPII1454N11_B_huaronensis_Mexico_BOLD_AAB9669;6
ZPII837N11_B_huaronensis_Mexico_BOLD_AAB9669;6
ZPII839N11_B_huaronensis_Mexico_BOLD_AAB9669;6
ZPII936N11_B_huaronensis_Mexico_BOLD_AAB9669;6
ZPLIV506N11_B_huaronensis_Mexico_BOLD_AAB9669;6
ZPLIV507N11_B_huaronensis_Mexico_BOLD_AAB9669;6
ZPLIV508N11_B_huaronensis_Mexico_BOLD_AAB9669;6
ZPLIV509N11_B_huaronensis_Mexico_BOLD_AAB9669;6
ZPLIV515N11_B_huaronensis_Mexico_BOLD_AAB9669;6
ZPLIV601N11_B_huaronensis_Mexico_BOLD_AAB9669;6
ZPLIV602N11_B_huaronensis_Mexico_BOLD_AAB9669;6
ZPLIV603N11_B_huaronensis_Mexico_BOLD_AAB9669;6
ZPLIV604N11_B_huaronensis_Mexico_BOLD_AAB9669;6
ZPLIV610N11_B_huaronensis_Mexico_BOLD_AAB9669;6
ZPLIV690N11_B_huaronensis_Mexico_BOLD_AAB9669;6
ZPLIV750N11_B_huaronensis_Mexico_BOLD_AAB9669;6
ZPLMX146N06_B_huaronensis_Mexico_BOLD_AAB9669;6
ZPLMX147N06_B_huaronensis_Mexico_BOLD_AAB9669;6
ZPLMX148N06_B_huaronensis_Mexico_BOLD_AAB9669;6
ZPLMX240N06_B_huaronensis_Mexico_BOLD_AAB9669;6
ZPLMX401N06_B_huaronensis_Mexico_BOLD_AAB9669;6
ZPLMX402N06_B_huaronensis_Mexico_BOLD_AAB9669;6
ZPLMX403N06_B_huaronensis_Mexico_BOLD_AAB9669;6
ZPLMX404N06_B_huaronensis_Mexico_BOLD_AAB9669;6
ZPLMX405N06_B_huaronensis_Mexico_BOLD_AAB9669;6
ZPLMX406N06_B_huaronensis_Mexico_BOLD_AAB9669;6
ZPLMX407N06_B_huaronensis_Mexico_BOLD_AAB9669;6
ZPLMX849N06_B_huaronensis_Mexico_BOLD_AAB9669;6
ZPLMX850N06_B_huaronensis_Mexico_BOLD_AAB9669;6
ZPLMX851N06_B_huaronensis_Mexico_BOLD_AAB9669;6
ZPLMX852N06_B_huaronensis_Mexico_BOLD_AAB9669;6
DQ310636_B_sp2_JRdWN2005;7
Liederobosmina_huaronensis_Argentina01a;7
Liederobosmina_huaronensis_Argentina02e;7
Liederobosmina_huaronensis_Argentina02f;7
Liederobosmina_huaronensis_Argentina04a;7
Liederobosmina_huaronensis_Argentina05a;7
Liederobosmina_huaronensis_Argentina06a;7
ZTITI005N23_Bosmina_Peru_BOLD_AAW7826;7
ZTITI007N23_Bosmina_Peru_BOLD_AAW7826;7
ZTITI008N23_Bosmina_Peru_BOLD_AAW7826;7
ZTITI024N23_Bosmina_Peru_BOLD_AAW7826;7
ZTITI039N23_Bosmina_Peru_BOLD_AAW7826;7
ZTITI044N23_Bosmina_Peru_BOLD_AAW7826;7
ZTITI089N23_Bosmina_Peru_BOLD_AAW7826;7
ZTITI168N24_Bosmina_Peru_BOLD_AAW7826;7
ZTITI170N24_Bosmina_Peru_BOLD_AAW7826;7
ZTITI171N24_Bosmina_Peru_BOLD_AAW7826;7
ZTITI172N24_Bosmina_Peru_BOLD_AAW7826;7
ZTITI200N25_Bosmina_Peru_BOLD_AAW7826;7
ZTITI265N25_Bosmina_Peru_BOLD_AAW7826;7
ZTITI268N25_Bosmina_Peru_BOLD_AAW7826;7
ZTITI289N25_Bosmina_Peru_BOLD_AAW7826;7
ZTITI290N25_Bosmina_Peru_BOLD_AAW7826;7
ZTITI314N25_Bosmina_Peru_BOLD_AAW7826;7
ZTITI331N25_Bosmina_Peru_BOLD_AAW7826;7
BROA022N21_Bosmina_Brazil_BOLD_AEO1713;8
BROA080N21_Bosmina_Brazil_BOLD_AEO1713;8
Liederobosmina_Argentina02a;8
Liederobosmina_Argentina02b;8
Liederobosmina_Argentina02c;8
PV786644_B_sp;8
ZPLV327N18_Bosmina_Colombia_BOLD_ADO6195;8
ZPLV328N18_Bosmina_Colombia_BOLD_ADO6195;8
ZPLV330N18_Bosmina_Colombia_BOLD_ADO6195;8
ZPLV333N18_Bosmina_Colombia_BOLD_ADO6195;8
ZPLV337N18_Bosmina_Colombia_BOLD_ADO6195;8
ZPLV371N18_Bosmina_Colombia_BOLD_ADO6195;8
Lunobosmina_oriens_USA11i;9
Lunobosmina_oriens_USA16a;9
Lunobosmina_oriens_USA16b;9
Lunobosmina_oriens_USA22a;9
CAISN020N12_Bosmina_Canada_BOLD_AAW7791;10
CAISN022N12_Bosmina_Canada_BOLD_AAW7791;10
CAISN034N12_Bosmina_Canada_BOLD_AAW7791;10
CAISN035N12_Bosmina_Canada_BOLD_AAW7791;10
CAISN914N13_B_sp_Canada_BOLD_AAW7791;10
DNARA1511N21_Bosmina_Canada_BOLD_AEA3695;10
DNARA1513N21_Bosmina_Canada_BOLD_AEA3695;10
DNARA2094N21_Bosmina_Canada_BOLD_AEA3695;10
DNARA2096N21_Bosmina_Canada_BOLD_AEA3695;10
DNARA2097N21_Bosmina_Canada_BOLD_AEA3695;10
DNARA2325N21_Bosmina_Canada_BOLD_AEA3695;10
DNARA2326N21_Bosmina_Canada_BOLD_AEA3695;10
DNARA2371N21_Bosmina_Canada_BOLD_AEA3695;10
DNARA2372N21_Bosmina_Canada_BOLD_AEA3695;10
DNARA2373N21_Bosmina_Canada_BOLD_AEA3695;10
DNARA2374N21_Bosmina_Canada_BOLD_AEA3695;10
DNARA2375N21_Bosmina_Canada_BOLD_AEA3695;10
DNARA2952N21_Bosmina_Canada_BOLD_AEA3695;10
DNARA2953N21_Bosmina_Canada_BOLD_AEA3695;10
DNARA2954N21_Bosmina_Canada_BOLD_AEA3695;10
DNARA2955N21_Bosmina_Canada_BOLD_AEA3695;10
DNARA2956N21_Bosmina_Canada_BOLD_AEA3695;10
DNARA2957N21_Bosmina_Canada_BOLD_AEA3695;10
DNARC013N19_Bosmina_Canada_BOLD_AEA3695;10
DQ310635_B_sp1_JRdWN2005;10
DQ889083_B_sp_BOLD_AAW7791;10
GCHAR1120N19_Bosmina_Canada_BOLD_AEA3695;10
GCHAR1121N19_Bosmina_Canada_BOLD_AEA3695;10
GCHAR1122N19_Bosmina_Canada_BOLD_AEA3695;10
Liederobosmina_american_longispina02;10
MG449616_B_sp;10
MG936043_B_sp;10
MG936238_B_sp;10
MG936240_B_sp;10
MG936261_B_sp;10
MG936530_B_sp;10
MG936534_B_sp;10
MH321381_Eubosmina_longispina;10
MH321382_Eubosmina_longispina;10
MH321383_Eubosmina_longispina;10
MH321384_Eubosmina_longispina;10
MH321385_Eubosmina_longispina;10
MH321386_Eubosmina_longispina;10
MH321387_Eubosmina_longispina;10
MH321388_Eubosmina_longispina;10
MH321389_Eubosmina_longispina;10
MH321390_Eubosmina_longispina;10
MH321391_Eubosmina_longispina;10
MH321392_Eubosmina_longispina;10
MH321393_Eubosmina_longispina;10
MH321394_Eubosmina_longispina;10
MH321395_Eubosmina_longispina;10
MH321396_Eubosmina_longispina;10
MZ964905_B_sp1;10
MZ964907_B_sp1;10
OP829924_B_cf_longispina;10
OP829977_B_cf_coregoni;10
OP830017_B_cf_longispina;10
OP830043_B_cf_coregoni;10
OP830119_B_cf_longispina;10
OP830153_B_cf_longispina;10
OP830166_B_cf_longispina;10
OP830246_B_cf_coregoni;10
OP830292_B_cf_longispina;10
ZOOPS187N18_B_cf_longispina_Finland_BOLD_AAW7791;10
ZOOPS188N18_B_cf_longispina_Finland_BOLD_ADR9483;10
Liederobosmina_tanakai02;11
AY075057_B_coregoni;12
B_longirostris_Argentina01aa;12
B_longirostris_Argentina03aa;12
B_longirostris_Argentina04aa;12
B_longirostris_Argentina05aa;12
B_longirostris_Argentina06aa;12
CAISN069N12_Bosmina_Canada_BOLD_ACL8120;12
DNARA1185N21_Bosmina_Canada_BOLD_AEA5586;12
DNARA1186N21_Bosmina_Canada_BOLD_AEA5586;12
DNARA1187N21_Bosmina_Canada_BOLD_AEA5586;12
DNARA1188N21_Bosmina_Canada_BOLD_AEA5586;12
DNARA1189N21_Bosmina_Canada_BOLD_AEA5586;12
DNARA1190N21_Bosmina_Canada_BOLD_AEA5586;12
DNARA1191N21_Bosmina_Canada_BOLD_AEA5586;12
DNARA1626N21_Bosmina_Canada_BOLD_AEA5586;12
DNARA1627N21_Bosmina_Canada_BOLD_AEA5586;12
DNARA1628N21_Bosmina_Canada_BOLD_AEA5586;12
DNARA1629N21_Bosmina_Canada_BOLD_AEA5586;12
DNARA1631N21_Bosmina_Canada_BOLD_AEA5586;12
DNARA1632N21_Bosmina_Canada_BOLD_AEA5586;12
DNARA1653N21_Bosmina_Canada_BOLD_AEA5586;12
DNARA1655N21_Bosmina_Canada_BOLD_AEA5586;12
DNARA1658N21_Bosmina_Canada_BOLD_AEA5586;12
DNARA1659N21_Bosmina_Canada_BOLD_AEA5586;12
DNARA1660N21_Bosmina_Canada_BOLD_AEA5586;12
DNARA1666N21_Bosmina_Canada_BOLD_AEA5586;12
DNARA1667N21_Bosmina_Canada_BOLD_AEA5586;12
DNARA1809N21_Bosmina_Canada_BOLD_AEA5586;12
DNARA1821N21_Bosmina_Canada_BOLD_AEA5586;12
DNARA1822N21_Bosmina_Canada_BOLD_AEA5586;12
DNARA1823N21_Bosmina_Canada_BOLD_AEA5586;12
DNARC068N19_Bosmina_Canada_BOLD_AEA5586;12
DNARC070N19_Bosmina_Canada_BOLD_AEA5586;12
ESP197N12_Bosmina_Spain_BOLD_ACA1800;12
ESP198N12_Bosmina_Spain_BOLD_ACA1800;12
ESP292N12_B_longirostris_Spain_BOLD_ACA9544;12
ESP505N14_B_meridionalis_Czechia_BOLD_AAO1376;12
ESP506N14_Bosmina_Czechia_BOLD_AAO1376;12
ESP507N14_B_meridionalis_Czechia_BOLD_AAO1376;12
ESP508N14_B_meridionalis_Czechia_BOLD_AAO1376;12
ESP509N14_B_meridionalis_Czechia_BOLD_AAO1376;12
KINBZ001N22_B_longirostris_Israel_BOLD_AEO5856;12
KINBZ002N22_B_longirostris_Israel_BOLD_AEO5856;12
KINBZ003N22_B_longirostris_Israel_BOLD_AEO5856;12
KINBZ004N22_B_longirostris_Israel_BOLD_AEO5856;12
KINBZ005N22_B_longirostris_Israel_BOLD_AEO5856;12
KINBZ006N22_B_longirostris_Israel_BOLD_AEO5856;12
KINBZ007N22_B_longirostris_Israel_BOLD_AEO5856;12
KINBZ008N22_B_longirostris_Israel_BOLD_AEO5856;12
KINBZ009N22_B_longirostris_Israel_BOLD_AAO1376;12
KINBZ010N22_B_longirostris_Israel_BOLD_AEO5856;12
KINBZ011N22_B_longirostris_Israel_BOLD_AEO5856;12
LC215476_B_cf_longirostris;12
BACZP1167N16_B_liederi_Canada_BOLD_ABZ8276;13
BACZP1230N16_B_liederi_Canada_BOLD_ABZ8276;13
BACZP1255N16_B_liederi_Canada_BOLD_ABZ8276;13
CAISN079N12_B_liederi_Canada_BOLD_ABZ8276;13
COAPP287N13_Bosmina_Canada_BOLD_AAI4721;13
COAPP288N13_Bosmina_Canada_BOLD_AAI4721;13
COAPP297N13_Bosmina_Canada_BOLD_AAI4721;13
COAPP411N13_B_liederi_Canada_BOLD_ABZ8276;13
ESP199N12_B_liederi_Spain_BOLD_ABZ8276;13
ESP200N12_B_liederi_Spain_BOLD_ABZ8276;13
ESP201N12_B_liederi_Spain_BOLD_ABZ8276;13
EU702002_B_sp_BOLD_AAI4721;13
GLC040N06_B_liederi_Canada_Great_Lakes;13
HQ966466_B_liederi;13
HQ966467_B_liederi;13
HQ966468_B_liederi;13
HQ966469_B_liederi;13
HQ966470_B_liederi;13
HQ966471_B_liederi;13
JN233822_B_liederi;13
JN233823_B_liederi;13
JN233824_B_liederi;13
KT705731_B_liederi;13
KT706147_B_liederi;13
KT707374_B_liederi;13
KT707760_B_liederi;13
MG448613_B_liederi;13
MG448631_B_liederi;13
MG448650_B_liederi;13
MG448657_B_liederi;13
MG448707_B_liederi;13
MG448765_B_liederi;13
MG448819_B_liederi;13
MG448897_B_liederi;13
MG448968_B_liederi;13
MG448971_B_liederi;13
MG449046_B_liederi;13
MG449067_B_liederi;13
MG449077_B_liederi;13
MG449102_B_liederi;13
MG449147_B_liederi;13
MG449180_B_liederi;13
MG449184_B_liederi;13
MG449207_B_liederi;13
MG449247_B_liederi;13
MG449253_B_liederi;13
MG449265_B_liederi;13
MG449273_B_liederi;13
MG449280_B_liederi;13
MG449315_B_liederi;13
MG449317_B_liederi;13
MG449340_B_liederi;13
MG449357_B_liederi;13
MG449359_B_liederi;13
MG449386_B_liederi;13
MG449436_B_liederi;13
MG449441_B_liederi;13
MG449478_B_liederi;13
MG449481_B_liederi;13
MG449492_B_liederi;13
MG449530_B_liederi;13
MG449575_B_liederi;13
MG449583_B_liederi;13
MG449668_B_liederi;13
MG449685_B_liederi;13
MG449712_B_liederi;13
MG449716_B_liederi;13
MG449744_B_liederi;13
MG449799_B_liederi;13
MG449821_B_liederi;13
MG449841_B_liederi;13
MG449847_B_liederi;13
MG449857_B_liederi;13
MG449875_B_liederi;13
MG449888_B_liederi;13
MG449897_B_liederi;13
MG449969_B_liederi;13
MG449972_B_liederi;13
MG450047_B_liederi;13
MG450050_B_liederi;13
MG450151_B_liederi_AK;13
MG450153_B_liederi;13
MG450170_B_liederi;13
MG450174_B_liederi;13
MG450204_B_liederi;13
MG450208_B_liederi;13
MG450272_B_liederi;13
MG450291_B_liederi;13
MG450294_B_liederi;13
MG450318_B_liederi;13
OP829920_B_liederi;13
OP829953_B_liederi;13
OP830059_B_liederi;13
OP830104_B_liederi;13
OP830155_B_liederi;13
OP830253_B_liederi;13
OP830311_B_liederi;13
DNARA1457N21_Bosmina_Canada_BOLD_AEN5568;14
DNARA1630N21_Bosmina_Canada_BOLD_AEN5568;14
DNARA1682N21_Bosmina_Canada_BOLD_AEN5568;14
DNARA1683N21_Bosmina_Canada_BOLD_AEN5568;14
DNARA1684N21_Bosmina_Canada_BOLD_AEN5568;14
DNARA1811N21_Bosmina_Canada_BOLD_AEN5568;14
DNARA1812N21_Bosmina_Canada_BOLD_AEN5568;14
LC215478_B_cf_longirostris;15
LC215479_B_cf_longirostris;15
LC215480_B_cf_longirostris;15
DNARA1652N21_Bosmina_Canada_BOLD_AEN5581;16
DNARA1820N21_Bosmina_Canada_BOLD_AEN5581;16
LC215477_B_cf_longirostris;16
MW786945_B_fatalis;16
BACZP387N16_B_longirostris_Mexico_BOLD_AAD9496;17
BBCRU025N10_Bosmina_Canada_BOLD_AAV0686;17
COAPP312N13_Bosmina_Canada_BOLD_ABX4934;17
COAPP558N13_Bosmina_Canada_BOLD_ABX4934;17
EU702018_B_longirostris;17
EU702019_B_longirostris;17
EU702020_B_longirostris;17
HM883958_B_longirostris;17
HM883961_B_longirostris;17
HM883995_B_longirostris;17
HM883999_B_longirostris;17
JN290618_Anomopoda_sp_BOLD_AAV0686;17
JN290619_Anomopoda_sp_BOLD_AAV0686;17
JN290620_Anomopoda_sp_BOLD_AAV0686;17
JN290621_Anomopoda_sp_BOLD_AAV0686;17
JN290621_Anomopoda_sp_BOLD_AAV06865;17
JN290622_Anomopoda_sp_BOLD_AAV0686;17
KM611608_B_sp_BOLD_AAV0686;17
MG448688_B_longirostris;17
MG448689_B_longirostris;17
MG448838_B_longirostris;17
MG449713_B_longirostris;17
MG449850_B_longirostris;17
MG449851_B_longirostris;17
MG449952_B_longirostris;17
MG449967_B_longirostris_FREYI2_AK;17
MG449982_B_longirostris;17
MG450021_B_longirostris;17
MG450033_B_longirostris;17
MG450086_B_longirostris;17
MG450147_B_longirostris;17
ZPLCA001N06_Bosmina_Canada_BOLD_ABX4934;17
ZPLKA177N15_B_longirostris_Mexico_BOLD_AAD9496;17
ZPLV090N17_B_longirostris_Mexico_BOLD_AAD9496;17
ZPLV091N17_B_longirostris_Mexico_BOLD_AAD9496;17
ZPLV092N17_B_longirostris_Mexico_BOLD_AAD9496;17
ZPLV097N17_B_longirostris_Mexico_BOLD_AAD9496;17
ZPLV098N17_B_longirostris_Mexico_BOLD_AAD9496;17
EU702000_B_sp_BOLD_AAI4722;18
EU702001_B_sp_BOLD_AAI4722;18
BBCRU249N12_Bosmina_Canada_BOLD_ACA6834;19
COAPP296N13_Bosmina_Canada_BOLD_ACA6834;19
COAPP303N13_Bosmina_Canada_BOLD_ACA6834;19
COAPP530N13_Bosmina_Canada_BOLD_ACA6834;19
ECCAJ025N23_Bosmina_Ecuador_BOLD_ACA6834;19
ECCAJ036N23_Bosmina_Ecuador_BOLD_ACA6834;19
ECCAJ039N23_Bosmina_Ecuador_BOLD_ACA6834;19
ECCAJ040N23_Bosmina_Ecuador_BOLD_ACA6834;19
ECCAJ051N23_Bosmina_Ecuador_BOLD_ACA6834;19
ECCAJ067N23_Bosmina_Ecuador_BOLD_ACA6834;19
ECCAJ114N23_Bosmina_Ecuador_BOLD_ACA6834;19
ECCAJ129N23_Bosmina_Ecuador_BOLD_ACA6834;19
ECCAJ131N23_Bosmina_Ecuador_BOLD_ACA6834;19
ECCAJ132N23_Bosmina_Ecuador_BOLD_ACA6834;19
ECCAJ133N23_Bosmina_Ecuador_BOLD_ACA6834;19
ECCAJ134N23_Bosmina_Ecuador_BOLD_ACA6834;19
ECCAJ136N23_Bosmina_Ecuador_BOLD_ACA6834;19
ECCAJ247N23_Bosmina_Ecuador_BOLD_ACA6834;19
ECCAJ268N23_Bosmina_Ecuador_BOLD_ACA6834;19
ECCAJ270N23_Bosmina_Ecuador_BOLD_ACA6834;19
ECCAJ280N23_Bosmina_Ecuador_BOLD_ACA6834;19
ECCAJ305N23_Bosmina_Ecuador_BOLD_ACA6834;19
ECCAJ317N23_Bosmina_Ecuador_BOLD_ACA6834;19
ECCAJ480N23_Bosmina_Ecuador_BOLD_ACA6834;19
ECCAJ485N24_Bosmina_Ecuador_BOLD_ACA6834;19
ECCAJ494N24_Bosmina_Ecuador_BOLD_ACA6834;19
KC616781_B_cf_liederi;19
KC616782_B_cf_liederi;19
KC616783_B_cf_liederi;19
KC616784_B_cf_liederi;19
KC616785_B_cf_liederi;19
KC617495_B_cf_liederi;19
KC617496_B_cf_liederi;19
KC617497_B_cf_liederi;19
KC617498_B_cf_liederi;19
KC617499_B_cf_liederi;19
KU315493_B_freyi;19
LC215481_B_sp;19
KY091157_B_sp_Taihuzoo;20
LC215471_B_fatalis;20
LC215472_B_fatalis;20
LC215473_B_fatalis;20
LC215474_B_fatalis;20
LC215475_B_fatalis;20
MW770308_B_fatalis;20
