Sequence;MOTU_mPTP
ANDEA005N22_B_cf_korineki_Colombia_BOLD_AFG1465;2
ANDEA006N22_B_cf_korineki_Colombia_BOLD_AFG1465;2
ANDEA007N22_B_cf_korineki_Colombia_BOLD_AFG1465;2
ANDEA008N22_B_cf_korineki_Colombia_BOLD_AFG1465;2
ANDEA013N22_B_cf_korineki_Colombia_BOLD_AFG1465;2
ANDEA024N22_B_cf_korineki_Colombia_BOLD_AFG1465;2
ANDEA037N22_B_cf_korineki_Colombia_BOLD_AFG1465;2
ANDEA038N22_B_cf_korineki_Colombia_BOLD_AFG1465;2
ANDEA039N22_B_cf_korineki_Colombia_BOLD_AFG1465;2
ANDEA040N22_B_cf_korineki_Colombia_BOLD_AFG1465;2
ANDEA053N22_Bosmina_Colombia_BOLD_AFG0616;2
ANDEA054N22_Bosmina_Colombia_BOLD_AFG0616;2
ANDEA055N22_Bosmina_Colombia_BOLD_AFG0616;2
BCRUA087N10_Bosmina_United_States_BOLD_AAD9782;3
BCRUA088N10_Bosmina_United_States_BOLD_AAD9782;3
JN294865_Anomopoda_sp_BOLD_AAD9782;3
JN294866_Anomopoda_sp_BOLD_AAD9782;3
COAPP328N13_Bosmina_Canada_BOLD_ACF9023;4
COAPP329N13_Bosmina_Canada_BOLD_ACF9023;4
COAPP559N13_Bosmina_Canada_BOLD_ACF9023;4
Liederobosmina_USA05a;4
Liederobosmina_USA11a;4
Liederobosmina_USA11b;4
Liederobosmina_USA11c;4
Liederobosmina_USA11d;4
Liederobosmina_USA11e;4
Liederobosmina_USA13a;4
Liederobosmina_USA14a;4
Liederobosmina_USA14b;4
Liederobosmina_USA20a;4
Liederobosmina_USA21a;4
Liederobosmina_USA21b;4
Liederobosmina_USA23a;4
Liederobosmina_USA08a;5
Liederobosmina_USA08b;5
BCRUA159N10_Bosmina_United_States_BOLD_AAD9782;6
BCRUA161N10_Bosmina_United_States_BOLD_AAD9782;6
EU702022_Eubosmina_tubicen;6
EU702023_Eubosmina_tubicen;6
EXDB448N20_B_tubicen_Mexico_BOLD_AAD9782;6
EXDB579N21_B_tubicen_Mexico_BOLD_AAD9782;6
EXDB731N21_B_tubicen_Mexico_BOLD_AAD9782;6
EXDB732N21_B_tubicen_Mexico_BOLD_AAD9782;6
JN294889_Anomopoda_sp_BOLD_AAD9782;6
JN294890_Anomopoda_sp_BOLD_AAD9782;6
KC617011_Eubosmina_tubicen;6
KC617494_Eubosmina_tubicen;6
KC617636_Eubosmina_tubicen;6
Liederobosmina_Guatemala01a;6
Liederobosmina_Guatemala01b;6
Liederobosmina_Mexico03a;6
MZ517466_Eubosmina_tubicen;6
MZ517641_Eubosmina_tubicen;6
MZ517739_Eubosmina_tubicen;6
MZ517893_Eubosmina_tubicen;6
MZ517920_Eubosmina_tubicen;6
SKAAN737N19_B_tubicen_Mexico_BOLD_AAD9782;6
SKAAN742N19_B_tubicen_Mexico_BOLD_AAD9782;6
SKAAN872N19_B_tubicen_Mexico_BOLD_AAD9782;6
SKAAN883N19_B_tubicen_Mexico_BOLD_AAD9782;6
SKAAN890N19_B_tubicen_Mexico_BOLD_AAD9782;6
ZPLIV669N11_B_bosmina_tubicen_Mexico_BOLD_AAD9782;6
ZPLMX410N06_B_tubicen_Guatemala_BOLD_AAD9782;6
ZPLMX411N06_B_tubicen_Guatemala_BOLD_AAD9782;6
CAZUL101N17_B_tubicen_Mexico_BOLD_AAD9782;7
CAZUL102N17_B_tubicen_Mexico_BOLD_AAD9782;7
CAZUL104N17_B_tubicen_Mexico_BOLD_AAD9782;7
CAZUL105N17_B_tubicen_Mexico_BOLD_AAD9782;7
CAZUL191N17_B_tubicen_Mexico_BOLD_AAD9782;7
CAZUL192N17_B_tubicen_Mexico_BOLD_AAD9782;7
CAZUL193N17_B_tubicen_Mexico_BOLD_AAD9782;7
CAZUL194N17_B_tubicen_Mexico_BOLD_AAD9782;7
CAZUL195N17_B_tubicen_Mexico_BOLD_AAD9782;7
EXDB1873N21_B_tubicen_Mexico_BOLD_AAD9782;7
KC617008_Eubosmina_tubicen;7
KC617009_Eubosmina_tubicen;7
KC617010_Eubosmina_tubicen;7
KC617012_Eubosmina_tubicen;7
KC617013_Eubosmina_tubicen;7
Liederobosmina_Mexico02a;7
Liederobosmina_Mexico02b;7
MT888232_Eubosmina_tubicen;7
MT888247_Eubosmina_tubicen;7
MT888279_Eubosmina_tubicen;7
MT888325_Eubosmina_tubicen;7
MT888336_Eubosmina_tubicen;7
MT888361_Eubosmina_tubicen;7
MT888366_Eubosmina_tubicen;7
MT888464_Eubosmina_tubicen;7
MT888481_Eubosmina_tubicen;7
MZ517301_Eubosmina_tubicen;7
MZ517335_Eubosmina_tubicen;7
MZ517674_Eubosmina_tubicen;7
MZ517828_Eubosmina_tubicen;7
MZ517857_Eubosmina_tubicen;7
MZ517899_Eubosmina_tubicen;7
MZ517951_Eubosmina_tubicen;7
SKAAN072N19_B_tubicen_Mexico_BOLD_AAD9782;7
SKAAN074N19_B_tubicen_Mexico_BOLD_AAD9782;7
SKAAN075N19_B_tubicen_Mexico_BOLD_AAD9782;7
SKAAN126N19_B_tubicen_Mexico_BOLD_AAD9782;7
SKAAN128N19_B_tubicen_Mexico_BOLD_AAD9782;7
SKAAN305N19_B_tubicen_Mexico_BOLD_AAD9782;7
SKAAN316N19_B_tubicen_Mexico_BOLD_AAD9782;7
EU702024_Eubosmina_tubicen;8
EU702025_Eubosmina_tubicen;8
EU702026_Eubosmina_tubicen;8
Liederobosmina_Guatemala01c;8
Liederobosmina_Guatemala01d;8
Liederobosmina_Guatemala01e;8
ZPLMX140N06_B_tubicen_Guatemala_BOLD_AAD9782;8
ZPLMX141N06_B_tubicen_Guatemala_BOLD_AAD9782;8
ZPLMX409N06_B_tubicen_Guatemala_BOLD_AAD9782;8
Liederobosmina_chilense_Argentina08a;9
Liederobosmina_chilense_Argentina08b;9
Liederobosmina_chilense_Argentina08c;9
Liederobosmina_chilense_Argentina08d;9
Liederobosmina_chilense_Argentina09a;9
Liederobosmina_chilense_Chile02a;9
KC508661_B_meridionalis;10
KC508662_B_meridionalis;10
Liederobosmina_meridionalis_Australia01a;10
Liederobosmina_meridionalis_Australia02a;10
Liederobosmina_meridionalis_Australia02b;10
Liederobosmina_Argentina03a;11
Liederobosmina_Argentina03b;11
Liederobosmina_Argentina03c;11
Liederobosmina_Argentina03d;11
BACZP386N16_B_huaronensis_Mexico_BOLD_AAB9669;12
BACZP388N16_B_huaronensis_Mexico_BOLD_AAB9669;12
ECCAJ304N23_B_huaronensis_Ecuador_BOLD_AFI2124;12
ECCAJ308N23_B_huaronensis_Ecuador_BOLD_AFI2124;12
ECCAJ388N23_B_huaronensis_Ecuador_BOLD_AFI2124;12
EU702003_Eubosmina_huaronensis;12
EU702004_Eubosmina_huaronensis;12
EU702005_Eubosmina_huaronensis;12
EU702006_Eubosmina_huaronensis;12
EU702007_Eubosmina_huaronensis;12
EU702008_Eubosmina_huaronensis;12
EU702009_Eubosmina_huaronensis;12
EU702010_Eubosmina_huaronensis;12
EU702011_Eubosmina_huaronensis;12
EU702012_Eubosmina_huaronensis;12
EU702013_Eubosmina_huaronensis;12
EU702014_Eubosmina_huaronensis;12
EU702015_Eubosmina_huaronensis;12
EU702016_Eubosmina_huaronensis;12
EU702017_Eubosmina_huaronensis;12
KC616786_Eubosmina_huaronensis;12
KC616787_Eubosmina_huaronensis;12
KC616788_Eubosmina_huaronensis;12
KC616789_Eubosmina_huaronensis;12
KC616790_Eubosmina_huaronensis;12
KC616791_Eubosmina_huaronensis;12
KC616792_Eubosmina_huaronensis;12
KC616793_Eubosmina_huaronensis;12
KC617500_Eubosmina_huaronensis;12
KC617501_Eubosmina_huaronensis;12
KC617502_Eubosmina_huaronensis;12
KC617503_Eubosmina_huaronensis;12
KC617504_Eubosmina_huaronensis;12
KC617505_Eubosmina_huaronensis;12
KC617506_Eubosmina_huaronensis;12
KC617507_Eubosmina_huaronensis;12
KC617508_Eubosmina_huaronensis;12
KC617509_Eubosmina_huaronensis;12
KC617510_Eubosmina_huaronensis;12
KC617511_Eubosmina_huaronensis;12
Liederobosmina_cf_huaronensis_USA03a;12
Liederobosmina_cf_huaronensis_USA03b;12
Liederobosmina_Mexico01b;12
Liederobosmina_Mexico01c;12
Liederobosmina_Mexico01d;12
Liederobosmina_Mexico01e;12
Liederobosmina_Mexico01f;12
Liederobosmina_Mexico01g;12
Liederobosmina_Mexico01h;12
Liederobosmina_Mexico04a;12
Liederobosmina_Mexico04b;12
Liederobosmina_Mexico04c;12
Liederobosmina_Mexico05a;12
Liederobosmina_Mexico05b;12
Liederobosmina_Mexico05c;12
Liederobosmina_Mexico05d;12
Liederobosmina_Mexico05e;12
Liederobosmina_Mexico06a;12
Liederobosmina_Mexico06c;12
Liederobosmina_Mexico07a;12
Liederobosmina_Mexico08a;12
Liederobosmina_Mexico09a;12
Liederobosmina_Mexico09b;12
Liederobosmina_Mexico10a;12
Liederobosmina_Mexico10b;12
Liederobosmina_Mexico11a;12
Liederobosmina_Mexico11b;12
Liederobosmina_Mexico11c;12
MCM690N17_B_sp_Mexico_BOLD_AAB9669;12
MCM691N17_B_sp_Mexico_BOLD_AAB9669;12
MCM692N17_B_sp_Mexico_BOLD_AAB9669;12
MCM693N17_B_sp_Mexico_BOLD_AAB9669;12
MCM694N17_B_sp_Mexico_BOLD_AAB9669;12
MCM695N17_B_sp_Mexico_BOLD_AAB9669;12
MCM696N17_B_sp_Mexico_BOLD_AAB9669;12
MCM697N17_B_sp_Mexico_BOLD_AAB9669;12
MCM698N17_B_sp_Mexico_BOLD_AAB9669;12
MCM699N17_B_sp_Mexico_BOLD_AAB9669;12
MCM700N17_B_sp_Mexico_BOLD_AAB9669;12
MCM701N17_B_sp_Mexico_BOLD_AAB9669;12
MG449420_Eubosmina_huaronensis;12
MG450143_Eubosmina_huaronensis;12
ZPII1067N11_B_huaronensis_Mexico_BOLD_AAB9669;12
ZPII1068N11_B_huaronensis_Mexico_BOLD_AAB9669;12
ZPII1106N11_B_huaronensis_Mexico_BOLD_AAZ8987;12
ZPII1454N11_B_huaronensis_Mexico_BOLD_AAB9669;12
ZPII837N11_B_huaronensis_Mexico_BOLD_AAB9669;12
ZPII839N11_B_huaronensis_Mexico_BOLD_AAB9669;12
ZPII936N11_B_huaronensis_Mexico_BOLD_AAB9669;12
ZPLIV506N11_B_huaronensis_Mexico_BOLD_AAB9669;12
ZPLIV507N11_B_huaronensis_Mexico_BOLD_AAB9669;12
ZPLIV508N11_B_huaronensis_Mexico_BOLD_AAB9669;12
ZPLIV509N11_B_huaronensis_Mexico_BOLD_AAB9669;12
ZPLIV515N11_B_huaronensis_Mexico_BOLD_AAB9669;12
ZPLIV601N11_B_huaronensis_Mexico_BOLD_AAB9669;12
ZPLIV602N11_B_huaronensis_Mexico_BOLD_AAB9669;12
ZPLIV603N11_B_huaronensis_Mexico_BOLD_AAB9669;12
ZPLIV604N11_B_huaronensis_Mexico_BOLD_AAB9669;12
ZPLIV610N11_B_huaronensis_Mexico_BOLD_AAB9669;12
ZPLIV690N11_B_huaronensis_Mexico_BOLD_AAB9669;12
ZPLIV750N11_B_huaronensis_Mexico_BOLD_AAB9669;12
ZPLMX146N06_B_huaronensis_Mexico_BOLD_AAB9669;12
ZPLMX147N06_B_huaronensis_Mexico_BOLD_AAB9669;12
ZPLMX148N06_B_huaronensis_Mexico_BOLD_AAB9669;12
ZPLMX240N06_B_huaronensis_Mexico_BOLD_AAB9669;12
ZPLMX401N06_B_huaronensis_Mexico_BOLD_AAB9669;12
ZPLMX402N06_B_huaronensis_Mexico_BOLD_AAB9669;12
ZPLMX403N06_B_huaronensis_Mexico_BOLD_AAB9669;12
ZPLMX404N06_B_huaronensis_Mexico_BOLD_AAB9669;12
ZPLMX405N06_B_huaronensis_Mexico_BOLD_AAB9669;12
ZPLMX406N06_B_huaronensis_Mexico_BOLD_AAB9669;12
ZPLMX407N06_B_huaronensis_Mexico_BOLD_AAB9669;12
ZPLMX849N06_B_huaronensis_Mexico_BOLD_AAB9669;12
ZPLMX850N06_B_huaronensis_Mexico_BOLD_AAB9669;12
ZPLMX851N06_B_huaronensis_Mexico_BOLD_AAB9669;12
ZPLMX852N06_B_huaronensis_Mexico_BOLD_AAB9669;12
DQ310636_B_sp2_JRdWN2005;13
Liederobosmina_huaronensis_Argentina01a;13
Liederobosmina_huaronensis_Argentina02e;13
Liederobosmina_huaronensis_Argentina02f;13
Liederobosmina_huaronensis_Argentina04a;13
Liederobosmina_huaronensis_Argentina05a;13
Liederobosmina_huaronensis_Argentina06a;13
ZTITI005N23_Bosmina_Peru_BOLD_AAW7826;13
ZTITI007N23_Bosmina_Peru_BOLD_AAW7826;13
ZTITI008N23_Bosmina_Peru_BOLD_AAW7826;13
ZTITI024N23_Bosmina_Peru_BOLD_AAW7826;13
ZTITI039N23_Bosmina_Peru_BOLD_AAW7826;13
ZTITI044N23_Bosmina_Peru_BOLD_AAW7826;13
ZTITI089N23_Bosmina_Peru_BOLD_AAW7826;13
ZTITI168N24_Bosmina_Peru_BOLD_AAW7826;13
ZTITI170N24_Bosmina_Peru_BOLD_AAW7826;13
ZTITI171N24_Bosmina_Peru_BOLD_AAW7826;13
ZTITI172N24_Bosmina_Peru_BOLD_AAW7826;13
ZTITI200N25_Bosmina_Peru_BOLD_AAW7826;13
ZTITI265N25_Bosmina_Peru_BOLD_AAW7826;13
ZTITI268N25_Bosmina_Peru_BOLD_AAW7826;13
ZTITI289N25_Bosmina_Peru_BOLD_AAW7826;13
ZTITI290N25_Bosmina_Peru_BOLD_AAW7826;13
ZTITI314N25_Bosmina_Peru_BOLD_AAW7826;13
ZTITI331N25_Bosmina_Peru_BOLD_AAW7826;13
BROA022N21_Bosmina_Brazil_BOLD_AEO1713;14
BROA080N21_Bosmina_Brazil_BOLD_AEO1713;14
Liederobosmina_Argentina02a;14
Liederobosmina_Argentina02b;14
Liederobosmina_Argentina02c;14
PV786644_B_sp;14
ZPLV327N18_Bosmina_Colombia_BOLD_ADO6195;15
ZPLV328N18_Bosmina_Colombia_BOLD_ADO6195;15
ZPLV330N18_Bosmina_Colombia_BOLD_ADO6195;15
ZPLV333N18_Bosmina_Colombia_BOLD_ADO6195;15
ZPLV337N18_Bosmina_Colombia_BOLD_ADO6195;15
ZPLV371N18_Bosmina_Colombia_BOLD_ADO6195;15
Lunobosmina_oriens_USA11i;16
Lunobosmina_oriens_USA16a;16
Lunobosmina_oriens_USA16b;16
Lunobosmina_oriens_USA22a;16
CAISN020N12_Bosmina_Canada_BOLD_AAW7791;17
CAISN022N12_Bosmina_Canada_BOLD_AAW7791;17
CAISN034N12_Bosmina_Canada_BOLD_AAW7791;17
CAISN035N12_Bosmina_Canada_BOLD_AAW7791;17
CAISN914N13_B_sp_Canada_BOLD_AAW7791;17
DNARA1511N21_Bosmina_Canada_BOLD_AEA3695;17
DNARA1513N21_Bosmina_Canada_BOLD_AEA3695;17
DNARA2094N21_Bosmina_Canada_BOLD_AEA3695;17
DNARA2096N21_Bosmina_Canada_BOLD_AEA3695;17
DNARA2097N21_Bosmina_Canada_BOLD_AEA3695;17
DNARA2325N21_Bosmina_Canada_BOLD_AEA3695;17
DNARA2326N21_Bosmina_Canada_BOLD_AEA3695;17
DNARA2371N21_Bosmina_Canada_BOLD_AEA3695;17
DNARA2372N21_Bosmina_Canada_BOLD_AEA3695;17
DNARA2373N21_Bosmina_Canada_BOLD_AEA3695;17
DNARA2374N21_Bosmina_Canada_BOLD_AEA3695;17
DNARA2375N21_Bosmina_Canada_BOLD_AEA3695;17
DNARA2952N21_Bosmina_Canada_BOLD_AEA3695;17
DNARA2953N21_Bosmina_Canada_BOLD_AEA3695;17
DNARA2954N21_Bosmina_Canada_BOLD_AEA3695;17
DNARA2955N21_Bosmina_Canada_BOLD_AEA3695;17
DNARA2956N21_Bosmina_Canada_BOLD_AEA3695;17
DNARA2957N21_Bosmina_Canada_BOLD_AEA3695;17
DNARC013N19_Bosmina_Canada_BOLD_AEA3695;17
DQ310635_B_sp1_JRdWN2005;17
DQ889083_B_sp_BOLD_AAW7791;17
GCHAR1120N19_Bosmina_Canada_BOLD_AEA3695;17
GCHAR1121N19_Bosmina_Canada_BOLD_AEA3695;17
GCHAR1122N19_Bosmina_Canada_BOLD_AEA3695;17
MG449616_B_sp;17
MH321381_Eubosmina_longispina;17
MH321382_Eubosmina_longispina;17
MH321383_Eubosmina_longispina;17
MH321384_Eubosmina_longispina;17
MH321385_Eubosmina_longispina;17
MH321386_Eubosmina_longispina;17
MH321387_Eubosmina_longispina;17
MH321388_Eubosmina_longispina;17
MH321389_Eubosmina_longispina;17
MH321390_Eubosmina_longispina;17
MH321391_Eubosmina_longispina;17
MH321392_Eubosmina_longispina;17
MH321393_Eubosmina_longispina;17
MH321394_Eubosmina_longispina;17
MH321395_Eubosmina_longispina;17
MH321396_Eubosmina_longispina;17
MZ964905_B_sp1;17
MZ964907_B_sp1;17
OP829924_B_cf_longispina;17
OP829977_B_cf_coregoni;17
OP830017_B_cf_longispina;17
OP830043_B_cf_coregoni;17
OP830119_B_cf_longispina;17
OP830246_B_cf_coregoni;17
OP830292_B_cf_longispina;17
ZOOPS187N18_B_cf_longispina_Finland_BOLD_AAW7791;17
ZOOPS188N18_B_cf_longispina_Finland_BOLD_ADR9483;17
Liederobosmina_american_longispina02;18
MG936043_B_sp;18
MG936238_B_sp;18
MG936240_B_sp;18
MG936261_B_sp;18
MG936530_B_sp;18
MG936534_B_sp;18
OP830153_B_cf_longispina;18
OP830166_B_cf_longispina;18
Liederobosmina_tanakai02;19
AY075057_B_coregoni;20
B_longirostris_Argentina01aa;20
B_longirostris_Argentina03aa;20
B_longirostris_Argentina04aa;20
B_longirostris_Argentina05aa;20
B_longirostris_Argentina06aa;20
CAISN069N12_Bosmina_Canada_BOLD_ACL8120;20
DNARA1185N21_Bosmina_Canada_BOLD_AEA5586;20
DNARA1186N21_Bosmina_Canada_BOLD_AEA5586;20
DNARA1187N21_Bosmina_Canada_BOLD_AEA5586;20
DNARA1188N21_Bosmina_Canada_BOLD_AEA5586;20
DNARA1189N21_Bosmina_Canada_BOLD_AEA5586;20
DNARA1190N21_Bosmina_Canada_BOLD_AEA5586;20
DNARA1191N21_Bosmina_Canada_BOLD_AEA5586;20
DNARA1626N21_Bosmina_Canada_BOLD_AEA5586;20
DNARA1627N21_Bosmina_Canada_BOLD_AEA5586;20
DNARA1628N21_Bosmina_Canada_BOLD_AEA5586;20
DNARA1629N21_Bosmina_Canada_BOLD_AEA5586;20
DNARA1631N21_Bosmina_Canada_BOLD_AEA5586;20
DNARA1632N21_Bosmina_Canada_BOLD_AEA5586;20
DNARA1653N21_Bosmina_Canada_BOLD_AEA5586;20
DNARA1655N21_Bosmina_Canada_BOLD_AEA5586;20
DNARA1658N21_Bosmina_Canada_BOLD_AEA5586;20
DNARA1659N21_Bosmina_Canada_BOLD_AEA5586;20
DNARA1660N21_Bosmina_Canada_BOLD_AEA5586;20
DNARA1666N21_Bosmina_Canada_BOLD_AEA5586;20
DNARA1667N21_Bosmina_Canada_BOLD_AEA5586;20
DNARA1809N21_Bosmina_Canada_BOLD_AEA5586;20
DNARA1821N21_Bosmina_Canada_BOLD_AEA5586;20
DNARA1822N21_Bosmina_Canada_BOLD_AEA5586;20
DNARA1823N21_Bosmina_Canada_BOLD_AEA5586;20
DNARC068N19_Bosmina_Canada_BOLD_AEA5586;20
DNARC070N19_Bosmina_Canada_BOLD_AEA5586;20
ESP197N12_Bosmina_Spain_BOLD_ACA1800;20
ESP198N12_Bosmina_Spain_BOLD_ACA1800;20
ESP292N12_B_longirostris_Spain_BOLD_ACA9544;20
ESP505N14_B_meridionalis_Czechia_BOLD_AAO1376;20
ESP506N14_Bosmina_Czechia_BOLD_AAO1376;20
ESP507N14_B_meridionalis_Czechia_BOLD_AAO1376;20
ESP508N14_B_meridionalis_Czechia_BOLD_AAO1376;20
ESP509N14_B_meridionalis_Czechia_BOLD_AAO1376;20
KINBZ001N22_B_longirostris_Israel_BOLD_AEO5856;20
KINBZ002N22_B_longirostris_Israel_BOLD_AEO5856;20
KINBZ003N22_B_longirostris_Israel_BOLD_AEO5856;20
KINBZ004N22_B_longirostris_Israel_BOLD_AEO5856;20
KINBZ005N22_B_longirostris_Israel_BOLD_AEO5856;20
KINBZ006N22_B_longirostris_Israel_BOLD_AEO5856;20
KINBZ007N22_B_longirostris_Israel_BOLD_AEO5856;20
KINBZ008N22_B_longirostris_Israel_BOLD_AEO5856;20
KINBZ009N22_B_longirostris_Israel_BOLD_AAO1376;20
KINBZ010N22_B_longirostris_Israel_BOLD_AEO5856;20
KINBZ011N22_B_longirostris_Israel_BOLD_AEO5856;20
LC215476_B_cf_longirostris;20
BACZP1167N16_B_liederi_Canada_BOLD_ABZ8276;21
BACZP1230N16_B_liederi_Canada_BOLD_ABZ8276;21
BACZP1255N16_B_liederi_Canada_BOLD_ABZ8276;21
CAISN079N12_B_liederi_Canada_BOLD_ABZ8276;21
COAPP287N13_Bosmina_Canada_BOLD_AAI4721;21
COAPP288N13_Bosmina_Canada_BOLD_AAI4721;21
COAPP297N13_Bosmina_Canada_BOLD_AAI4721;21
COAPP411N13_B_liederi_Canada_BOLD_ABZ8276;21
ESP199N12_B_liederi_Spain_BOLD_ABZ8276;21
ESP200N12_B_liederi_Spain_BOLD_ABZ8276;21
ESP201N12_B_liederi_Spain_BOLD_ABZ8276;21
EU702002_B_sp_BOLD_AAI4721;21
GLC040N06_B_liederi_Canada_Great_Lakes;21
HQ966466_B_liederi;21
HQ966467_B_liederi;21
HQ966468_B_liederi;21
HQ966469_B_liederi;21
HQ966470_B_liederi;21
HQ966471_B_liederi;21
JN233822_B_liederi;21
JN233823_B_liederi;21
JN233824_B_liederi;21
KT705731_B_liederi;21
KT706147_B_liederi;21
KT707374_B_liederi;21
KT707760_B_liederi;21
MG448613_B_liederi;21
MG448631_B_liederi;21
MG448650_B_liederi;21
MG448657_B_liederi;21
MG448707_B_liederi;21
MG448765_B_liederi;21
MG448819_B_liederi;21
MG448897_B_liederi;21
MG448968_B_liederi;21
MG448971_B_liederi;21
MG449046_B_liederi;21
MG449067_B_liederi;21
MG449077_B_liederi;21
MG449102_B_liederi;21
MG449147_B_liederi;21
MG449180_B_liederi;21
MG449184_B_liederi;21
MG449207_B_liederi;21
MG449247_B_liederi;21
MG449253_B_liederi;21
MG449265_B_liederi;21
MG449273_B_liederi;21
MG449280_B_liederi;21
MG449315_B_liederi;21
MG449317_B_liederi;21
MG449340_B_liederi;21
MG449357_B_liederi;21
MG449359_B_liederi;21
MG449386_B_liederi;21
MG449436_B_liederi;21
MG449441_B_liederi;21
MG449478_B_liederi;21
MG449481_B_liederi;21
MG449492_B_liederi;21
MG449530_B_liederi;21
MG449575_B_liederi;21
MG449583_B_liederi;21
MG449668_B_liederi;21
MG449685_B_liederi;21
MG449712_B_liederi;21
MG449716_B_liederi;21
MG449744_B_liederi;21
MG449799_B_liederi;21
MG449821_B_liederi;21
MG449841_B_liederi;21
MG449847_B_liederi;21
MG449857_B_liederi;21
MG449875_B_liederi;21
MG449888_B_liederi;21
MG449897_B_liederi;21
MG449969_B_liederi;21
MG449972_B_liederi;21
MG450047_B_liederi;21
MG450050_B_liederi;21
MG450151_B_liederi_AK;21
MG450153_B_liederi;21
MG450170_B_liederi;21
MG450174_B_liederi;21
MG450204_B_liederi;21
MG450208_B_liederi;21
MG450272_B_liederi;21
MG450291_B_liederi;21
MG450294_B_liederi;21
MG450318_B_liederi;21
OP829920_B_liederi;21
OP829953_B_liederi;21
OP830059_B_liederi;21
OP830104_B_liederi;21
OP830155_B_liederi;21
OP830253_B_liederi;21
OP830311_B_liederi;21
DNARA1457N21_Bosmina_Canada_BOLD_AEN5568;22
DNARA1630N21_Bosmina_Canada_BOLD_AEN5568;22
DNARA1652N21_Bosmina_Canada_BOLD_AEN5581;22
DNARA1682N21_Bosmina_Canada_BOLD_AEN5568;22
DNARA1683N21_Bosmina_Canada_BOLD_AEN5568;22
DNARA1684N21_Bosmina_Canada_BOLD_AEN5568;22
DNARA1811N21_Bosmina_Canada_BOLD_AEN5568;22
DNARA1812N21_Bosmina_Canada_BOLD_AEN5568;22
DNARA1820N21_Bosmina_Canada_BOLD_AEN5581;22
LC215477_B_cf_longirostris;22
LC215478_B_cf_longirostris;22
LC215479_B_cf_longirostris;22
LC215480_B_cf_longirostris;22
MW786945_B_fatalis;22
BACZP387N16_B_longirostris_Mexico_BOLD_AAD9496;23
COAPP312N13_Bosmina_Canada_BOLD_ABX4934;23
COAPP558N13_Bosmina_Canada_BOLD_ABX4934;23
EU702018_B_longirostris;23
EU702019_B_longirostris;23
EU702020_B_longirostris;23
HM883958_B_longirostris;23
HM883961_B_longirostris;23
HM883995_B_longirostris;23
HM883999_B_longirostris;23
MG448688_B_longirostris;23
MG448689_B_longirostris;23
MG448838_B_longirostris;23
MG449713_B_longirostris;23
MG449850_B_longirostris;23
MG449851_B_longirostris;23
MG449952_B_longirostris;23
MG449967_B_longirostris_FREYI2_AK;23
MG449982_B_longirostris;23
MG450021_B_longirostris;23
MG450033_B_longirostris;23
MG450086_B_longirostris;23
MG450147_B_longirostris;23
ZPLCA001N06_Bosmina_Canada_BOLD_ABX4934;23
ZPLKA177N15_B_longirostris_Mexico_BOLD_AAD9496;23
ZPLV090N17_B_longirostris_Mexico_BOLD_AAD9496;23
ZPLV091N17_B_longirostris_Mexico_BOLD_AAD9496;23
ZPLV092N17_B_longirostris_Mexico_BOLD_AAD9496;23
ZPLV097N17_B_longirostris_Mexico_BOLD_AAD9496;23
ZPLV098N17_B_longirostris_Mexico_BOLD_AAD9496;23
BBCRU025N10_Bosmina_Canada_BOLD_AAV0686;24
JN290618_Anomopoda_sp_BOLD_AAV0686;24
JN290619_Anomopoda_sp_BOLD_AAV0686;24
JN290620_Anomopoda_sp_BOLD_AAV0686;24
JN290621_Anomopoda_sp_BOLD_AAV0686;24
JN290621_Anomopoda_sp_BOLD_AAV06865;24
JN290622_Anomopoda_sp_BOLD_AAV0686;24
KM611608_B_sp_BOLD_AAV0686;24
EU702000_B_sp_BOLD_AAI4722;25
EU702001_B_sp_BOLD_AAI4722;25
BBCRU249N12_Bosmina_Canada_BOLD_ACA6834;26
COAPP296N13_Bosmina_Canada_BOLD_ACA6834;26
COAPP303N13_Bosmina_Canada_BOLD_ACA6834;26
COAPP530N13_Bosmina_Canada_BOLD_ACA6834;26
ECCAJ025N23_Bosmina_Ecuador_BOLD_ACA6834;26
ECCAJ036N23_Bosmina_Ecuador_BOLD_ACA6834;26
ECCAJ039N23_Bosmina_Ecuador_BOLD_ACA6834;26
ECCAJ040N23_Bosmina_Ecuador_BOLD_ACA6834;26
ECCAJ051N23_Bosmina_Ecuador_BOLD_ACA6834;26
ECCAJ067N23_Bosmina_Ecuador_BOLD_ACA6834;26
ECCAJ114N23_Bosmina_Ecuador_BOLD_ACA6834;26
ECCAJ129N23_Bosmina_Ecuador_BOLD_ACA6834;26
ECCAJ131N23_Bosmina_Ecuador_BOLD_ACA6834;26
ECCAJ132N23_Bosmina_Ecuador_BOLD_ACA6834;26
ECCAJ133N23_Bosmina_Ecuador_BOLD_ACA6834;26
ECCAJ134N23_Bosmina_Ecuador_BOLD_ACA6834;26
ECCAJ136N23_Bosmina_Ecuador_BOLD_ACA6834;26
ECCAJ247N23_Bosmina_Ecuador_BOLD_ACA6834;26
ECCAJ268N23_Bosmina_Ecuador_BOLD_ACA6834;26
ECCAJ270N23_Bosmina_Ecuador_BOLD_ACA6834;26
ECCAJ280N23_Bosmina_Ecuador_BOLD_ACA6834;26
ECCAJ305N23_Bosmina_Ecuador_BOLD_ACA6834;26
ECCAJ317N23_Bosmina_Ecuador_BOLD_ACA6834;26
ECCAJ480N23_Bosmina_Ecuador_BOLD_ACA6834;26
ECCAJ485N24_Bosmina_Ecuador_BOLD_ACA6834;26
ECCAJ494N24_Bosmina_Ecuador_BOLD_ACA6834;26
KU315493_B_freyi;26
LC215481_B_sp;26
KC616781_B_cf_liederi;27
KC616782_B_cf_liederi;27
KC616783_B_cf_liederi;27
KC616784_B_cf_liederi;27
KC616785_B_cf_liederi;27
KC617495_B_cf_liederi;27
KC617496_B_cf_liederi;27
KC617497_B_cf_liederi;27
KC617498_B_cf_liederi;27
KC617499_B_cf_liederi;27
KY091157_B_sp_Taihuzoo;28
LC215471_B_fatalis;28
LC215472_B_fatalis;28
LC215473_B_fatalis;28
LC215474_B_fatalis;28
LC215475_B_fatalis;28
MW770308_B_fatalis;28
