Sequence;MOTU_Ward
ANDEA005N22_B_cf_korineki_Colombia_BOLD_AFG1465;1
ANDEA006N22_B_cf_korineki_Colombia_BOLD_AFG1465;1
ANDEA007N22_B_cf_korineki_Colombia_BOLD_AFG1465;1
ANDEA008N22_B_cf_korineki_Colombia_BOLD_AFG1465;1
ANDEA013N22_B_cf_korineki_Colombia_BOLD_AFG1465;1
ANDEA024N22_B_cf_korineki_Colombia_BOLD_AFG1465;1
ANDEA037N22_B_cf_korineki_Colombia_BOLD_AFG1465;1
ANDEA038N22_B_cf_korineki_Colombia_BOLD_AFG1465;1
ANDEA039N22_B_cf_korineki_Colombia_BOLD_AFG1465;1
ANDEA040N22_B_cf_korineki_Colombia_BOLD_AFG1465;1
ANDEA053N22_Bosmina_Colombia_BOLD_AFG0616;2
ANDEA054N22_Bosmina_Colombia_BOLD_AFG0616;2
ANDEA055N22_Bosmina_Colombia_BOLD_AFG0616;2
BCRUA087N10_Bosmina_United_States_BOLD_AAD9782;3
BCRUA088N10_Bosmina_United_States_BOLD_AAD9782;3
BCRUA159N10_Bosmina_United_States_BOLD_AAD9782;3
BCRUA161N10_Bosmina_United_States_BOLD_AAD9782;3
CAZUL101N17_B_tubicen_Mexico_BOLD_AAD9782;3
CAZUL102N17_B_tubicen_Mexico_BOLD_AAD9782;3
CAZUL104N17_B_tubicen_Mexico_BOLD_AAD9782;3
CAZUL105N17_B_tubicen_Mexico_BOLD_AAD9782;3
CAZUL191N17_B_tubicen_Mexico_BOLD_AAD9782;3
CAZUL192N17_B_tubicen_Mexico_BOLD_AAD9782;3
CAZUL193N17_B_tubicen_Mexico_BOLD_AAD9782;3
CAZUL194N17_B_tubicen_Mexico_BOLD_AAD9782;3
CAZUL195N17_B_tubicen_Mexico_BOLD_AAD9782;3
EU702024_Eubosmina_tubicen;3
EU702025_Eubosmina_tubicen;3
EU702026_Eubosmina_tubicen;3
EXDB1873N21_B_tubicen_Mexico_BOLD_AAD9782;3
JN294865_Anomopoda_sp_BOLD_AAD9782;3
JN294866_Anomopoda_sp_BOLD_AAD9782;3
JN294889_Anomopoda_sp_BOLD_AAD9782;3
JN294890_Anomopoda_sp_BOLD_AAD9782;3
KC617008_Eubosmina_tubicen;3
KC617009_Eubosmina_tubicen;3
KC617010_Eubosmina_tubicen;3
KC617012_Eubosmina_tubicen;3
KC617013_Eubosmina_tubicen;3
Liederobosmina_Guatemala01c;3
Liederobosmina_Guatemala01d;3
Liederobosmina_Guatemala01e;3
Liederobosmina_Mexico02a;3
Liederobosmina_Mexico02b;3
MT888232_Eubosmina_tubicen;3
MT888247_Eubosmina_tubicen;3
MT888279_Eubosmina_tubicen;3
MT888325_Eubosmina_tubicen;3
MT888336_Eubosmina_tubicen;3
MT888361_Eubosmina_tubicen;3
MT888366_Eubosmina_tubicen;3
MT888464_Eubosmina_tubicen;3
MT888481_Eubosmina_tubicen;3
MZ517301_Eubosmina_tubicen;3
MZ517335_Eubosmina_tubicen;3
MZ517466_Eubosmina_tubicen;3
MZ517641_Eubosmina_tubicen;3
MZ517674_Eubosmina_tubicen;3
MZ517739_Eubosmina_tubicen;3
MZ517828_Eubosmina_tubicen;3
MZ517857_Eubosmina_tubicen;3
MZ517893_Eubosmina_tubicen;3
MZ517899_Eubosmina_tubicen;3
MZ517920_Eubosmina_tubicen;3
MZ517951_Eubosmina_tubicen;3
SKAAN072N19_B_tubicen_Mexico_BOLD_AAD9782;3
SKAAN074N19_B_tubicen_Mexico_BOLD_AAD9782;3
SKAAN075N19_B_tubicen_Mexico_BOLD_AAD9782;3
SKAAN126N19_B_tubicen_Mexico_BOLD_AAD9782;3
SKAAN128N19_B_tubicen_Mexico_BOLD_AAD9782;3
SKAAN305N19_B_tubicen_Mexico_BOLD_AAD9782;3
SKAAN316N19_B_tubicen_Mexico_BOLD_AAD9782;3
SKAAN737N19_B_tubicen_Mexico_BOLD_AAD9782;3
SKAAN742N19_B_tubicen_Mexico_BOLD_AAD9782;3
SKAAN872N19_B_tubicen_Mexico_BOLD_AAD9782;3
SKAAN883N19_B_tubicen_Mexico_BOLD_AAD9782;3
SKAAN890N19_B_tubicen_Mexico_BOLD_AAD9782;3
ZPLMX140N06_B_tubicen_Guatemala_BOLD_AAD9782;3
ZPLMX141N06_B_tubicen_Guatemala_BOLD_AAD9782;3
ZPLMX409N06_B_tubicen_Guatemala_BOLD_AAD9782;3
COAPP328N13_Bosmina_Canada_BOLD_ACF9023;4
COAPP329N13_Bosmina_Canada_BOLD_ACF9023;4
COAPP559N13_Bosmina_Canada_BOLD_ACF9023;4
Liederobosmina_USA05a;4
Liederobosmina_USA11a;4
Liederobosmina_USA11b;4
Liederobosmina_USA11c;4
Liederobosmina_USA11d;4
Liederobosmina_USA11e;4
Liederobosmina_USA13a;4
Liederobosmina_USA14a;4
Liederobosmina_USA14b;4
Liederobosmina_USA20a;4
Liederobosmina_USA21a;4
Liederobosmina_USA21b;4
Liederobosmina_USA23a;4
Liederobosmina_USA08a;5
Liederobosmina_USA08b;5
EU702022_Eubosmina_tubicen;6
EU702023_Eubosmina_tubicen;6
EXDB448N20_B_tubicen_Mexico_BOLD_AAD9782;6
EXDB579N21_B_tubicen_Mexico_BOLD_AAD9782;6
EXDB731N21_B_tubicen_Mexico_BOLD_AAD9782;6
EXDB732N21_B_tubicen_Mexico_BOLD_AAD9782;6
KC617011_Eubosmina_tubicen;6
KC617494_Eubosmina_tubicen;6
KC617636_Eubosmina_tubicen;6
Liederobosmina_Guatemala01a;6
Liederobosmina_Guatemala01b;6
Liederobosmina_Mexico03a;6
ZPLIV669N11_B_bosmina_tubicen_Mexico_BOLD_AAD9782;6
ZPLMX410N06_B_tubicen_Guatemala_BOLD_AAD9782;6
ZPLMX411N06_B_tubicen_Guatemala_BOLD_AAD9782;6
Liederobosmina_chilense_Argentina08a;7
Liederobosmina_chilense_Argentina08b;7
Liederobosmina_chilense_Argentina08c;7
Liederobosmina_chilense_Argentina08d;7
Liederobosmina_chilense_Argentina09a;8
Liederobosmina_chilense_Chile02a;8
KC508661_B_meridionalis;9
KC508662_B_meridionalis;9
Liederobosmina_meridionalis_Australia01a;9
Liederobosmina_meridionalis_Australia02a;9
Liederobosmina_meridionalis_Australia02b;9
Liederobosmina_Argentina03a;10
Liederobosmina_Argentina03c;10
Liederobosmina_Argentina03d;10
Liederobosmina_Argentina03b;11
BACZP386N16_B_huaronensis_Mexico_BOLD_AAB9669;12
BACZP388N16_B_huaronensis_Mexico_BOLD_AAB9669;12
EU702003_Eubosmina_huaronensis;12
EU702004_Eubosmina_huaronensis;12
EU702005_Eubosmina_huaronensis;12
EU702006_Eubosmina_huaronensis;12
EU702007_Eubosmina_huaronensis;12
EU702008_Eubosmina_huaronensis;12
EU702009_Eubosmina_huaronensis;12
EU702010_Eubosmina_huaronensis;12
EU702011_Eubosmina_huaronensis;12
EU702012_Eubosmina_huaronensis;12
EU702013_Eubosmina_huaronensis;12
EU702014_Eubosmina_huaronensis;12
EU702015_Eubosmina_huaronensis;12
EU702016_Eubosmina_huaronensis;12
EU702017_Eubosmina_huaronensis;12
KC616786_Eubosmina_huaronensis;12
KC616788_Eubosmina_huaronensis;12
KC616789_Eubosmina_huaronensis;12
KC616790_Eubosmina_huaronensis;12
KC616791_Eubosmina_huaronensis;12
KC616792_Eubosmina_huaronensis;12
KC616793_Eubosmina_huaronensis;12
KC617500_Eubosmina_huaronensis;12
KC617501_Eubosmina_huaronensis;12
KC617502_Eubosmina_huaronensis;12
KC617503_Eubosmina_huaronensis;12
KC617504_Eubosmina_huaronensis;12
KC617505_Eubosmina_huaronensis;12
KC617506_Eubosmina_huaronensis;12
KC617507_Eubosmina_huaronensis;12
KC617508_Eubosmina_huaronensis;12
KC617509_Eubosmina_huaronensis;12
KC617510_Eubosmina_huaronensis;12
KC617511_Eubosmina_huaronensis;12
Liederobosmina_cf_huaronensis_USA03a;12
Liederobosmina_cf_huaronensis_USA03b;12
Liederobosmina_Mexico01b;12
Liederobosmina_Mexico01c;12
Liederobosmina_Mexico01d;12
Liederobosmina_Mexico01e;12
Liederobosmina_Mexico01f;12
Liederobosmina_Mexico01g;12
Liederobosmina_Mexico01h;12
Liederobosmina_Mexico04a;12
Liederobosmina_Mexico04b;12
Liederobosmina_Mexico04c;12
Liederobosmina_Mexico05a;12
Liederobosmina_Mexico05b;12
Liederobosmina_Mexico05c;12
Liederobosmina_Mexico05d;12
Liederobosmina_Mexico05e;12
Liederobosmina_Mexico06a;12
Liederobosmina_Mexico06c;12
Liederobosmina_Mexico07a;12
Liederobosmina_Mexico08a;12
Liederobosmina_Mexico09a;12
Liederobosmina_Mexico09b;12
Liederobosmina_Mexico10b;12
Liederobosmina_Mexico11a;12
Liederobosmina_Mexico11b;12
Liederobosmina_Mexico11c;12
MCM690N17_B_sp_Mexico_BOLD_AAB9669;12
MCM691N17_B_sp_Mexico_BOLD_AAB9669;12
MCM692N17_B_sp_Mexico_BOLD_AAB9669;12
MCM693N17_B_sp_Mexico_BOLD_AAB9669;12
MCM694N17_B_sp_Mexico_BOLD_AAB9669;12
MCM695N17_B_sp_Mexico_BOLD_AAB9669;12
MCM696N17_B_sp_Mexico_BOLD_AAB9669;12
MCM697N17_B_sp_Mexico_BOLD_AAB9669;12
MCM698N17_B_sp_Mexico_BOLD_AAB9669;12
MCM699N17_B_sp_Mexico_BOLD_AAB9669;12
MCM700N17_B_sp_Mexico_BOLD_AAB9669;12
MCM701N17_B_sp_Mexico_BOLD_AAB9669;12
MG449420_Eubosmina_huaronensis;12
MG450143_Eubosmina_huaronensis;12
ZPII1067N11_B_huaronensis_Mexico_BOLD_AAB9669;12
ZPII1068N11_B_huaronensis_Mexico_BOLD_AAB9669;12
ZPII1454N11_B_huaronensis_Mexico_BOLD_AAB9669;12
ZPII837N11_B_huaronensis_Mexico_BOLD_AAB9669;12
ZPII839N11_B_huaronensis_Mexico_BOLD_AAB9669;12
ZPII936N11_B_huaronensis_Mexico_BOLD_AAB9669;12
ZPLIV506N11_B_huaronensis_Mexico_BOLD_AAB9669;12
ZPLIV507N11_B_huaronensis_Mexico_BOLD_AAB9669;12
ZPLIV508N11_B_huaronensis_Mexico_BOLD_AAB9669;12
ZPLIV509N11_B_huaronensis_Mexico_BOLD_AAB9669;12
ZPLIV515N11_B_huaronensis_Mexico_BOLD_AAB9669;12
ZPLIV601N11_B_huaronensis_Mexico_BOLD_AAB9669;12
ZPLIV602N11_B_huaronensis_Mexico_BOLD_AAB9669;12
ZPLIV603N11_B_huaronensis_Mexico_BOLD_AAB9669;12
ZPLIV604N11_B_huaronensis_Mexico_BOLD_AAB9669;12
ZPLIV610N11_B_huaronensis_Mexico_BOLD_AAB9669;12
ZPLIV690N11_B_huaronensis_Mexico_BOLD_AAB9669;12
ZPLIV750N11_B_huaronensis_Mexico_BOLD_AAB9669;12
ZPLMX146N06_B_huaronensis_Mexico_BOLD_AAB9669;12
ZPLMX147N06_B_huaronensis_Mexico_BOLD_AAB9669;12
ZPLMX148N06_B_huaronensis_Mexico_BOLD_AAB9669;12
ZPLMX240N06_B_huaronensis_Mexico_BOLD_AAB9669;12
ZPLMX401N06_B_huaronensis_Mexico_BOLD_AAB9669;12
ZPLMX402N06_B_huaronensis_Mexico_BOLD_AAB9669;12
ZPLMX403N06_B_huaronensis_Mexico_BOLD_AAB9669;12
ZPLMX404N06_B_huaronensis_Mexico_BOLD_AAB9669;12
ZPLMX405N06_B_huaronensis_Mexico_BOLD_AAB9669;12
ZPLMX406N06_B_huaronensis_Mexico_BOLD_AAB9669;12
ZPLMX407N06_B_huaronensis_Mexico_BOLD_AAB9669;12
ZPLMX849N06_B_huaronensis_Mexico_BOLD_AAB9669;12
ZPLMX850N06_B_huaronensis_Mexico_BOLD_AAB9669;12
ZPLMX851N06_B_huaronensis_Mexico_BOLD_AAB9669;12
ZPLMX852N06_B_huaronensis_Mexico_BOLD_AAB9669;12
ECCAJ304N23_B_huaronensis_Ecuador_BOLD_AFI2124;13
ECCAJ308N23_B_huaronensis_Ecuador_BOLD_AFI2124;13
ECCAJ388N23_B_huaronensis_Ecuador_BOLD_AFI2124;13
KC616787_Eubosmina_huaronensis;13
Liederobosmina_Mexico10a;13
ZPII1106N11_B_huaronensis_Mexico_BOLD_AAZ8987;13
DQ310636_B_sp2_JRdWN2005;14
Liederobosmina_huaronensis_Argentina01a;14
Liederobosmina_huaronensis_Argentina02e;14
Liederobosmina_huaronensis_Argentina02f;14
Liederobosmina_huaronensis_Argentina04a;14
Liederobosmina_huaronensis_Argentina05a;14
Liederobosmina_huaronensis_Argentina06a;14
ZTITI005N23_Bosmina_Peru_BOLD_AAW7826;14
ZTITI007N23_Bosmina_Peru_BOLD_AAW7826;14
ZTITI008N23_Bosmina_Peru_BOLD_AAW7826;14
ZTITI024N23_Bosmina_Peru_BOLD_AAW7826;14
ZTITI039N23_Bosmina_Peru_BOLD_AAW7826;14
ZTITI044N23_Bosmina_Peru_BOLD_AAW7826;14
ZTITI089N23_Bosmina_Peru_BOLD_AAW7826;14
ZTITI168N24_Bosmina_Peru_BOLD_AAW7826;14
ZTITI170N24_Bosmina_Peru_BOLD_AAW7826;14
ZTITI171N24_Bosmina_Peru_BOLD_AAW7826;14
ZTITI172N24_Bosmina_Peru_BOLD_AAW7826;14
ZTITI200N25_Bosmina_Peru_BOLD_AAW7826;14
ZTITI265N25_Bosmina_Peru_BOLD_AAW7826;14
ZTITI268N25_Bosmina_Peru_BOLD_AAW7826;14
ZTITI289N25_Bosmina_Peru_BOLD_AAW7826;14
ZTITI290N25_Bosmina_Peru_BOLD_AAW7826;14
ZTITI314N25_Bosmina_Peru_BOLD_AAW7826;14
ZTITI331N25_Bosmina_Peru_BOLD_AAW7826;14
BROA022N21_Bosmina_Brazil_BOLD_AEO1713;15
BROA080N21_Bosmina_Brazil_BOLD_AEO1713;15
Liederobosmina_Argentina02a;15
Liederobosmina_Argentina02b;15
Liederobosmina_Argentina02c;15
PV786644_B_sp;15
ZPLV327N18_Bosmina_Colombia_BOLD_ADO6195;16
ZPLV328N18_Bosmina_Colombia_BOLD_ADO6195;16
ZPLV330N18_Bosmina_Colombia_BOLD_ADO6195;16
ZPLV333N18_Bosmina_Colombia_BOLD_ADO6195;16
ZPLV337N18_Bosmina_Colombia_BOLD_ADO6195;16
ZPLV371N18_Bosmina_Colombia_BOLD_ADO6195;16
Lunobosmina_oriens_USA11i;17
Lunobosmina_oriens_USA16a;17
Lunobosmina_oriens_USA16b;17
Lunobosmina_oriens_USA22a;17
CAISN020N12_Bosmina_Canada_BOLD_AAW7791;18
CAISN022N12_Bosmina_Canada_BOLD_AAW7791;18
CAISN034N12_Bosmina_Canada_BOLD_AAW7791;18
CAISN035N12_Bosmina_Canada_BOLD_AAW7791;18
CAISN914N13_B_sp_Canada_BOLD_AAW7791;18
DQ310635_B_sp1_JRdWN2005;18
DQ889083_B_sp_BOLD_AAW7791;18
MG449616_B_sp;18
MH321381_Eubosmina_longispina;18
MH321382_Eubosmina_longispina;18
MH321383_Eubosmina_longispina;18
MH321384_Eubosmina_longispina;18
MH321385_Eubosmina_longispina;18
MH321386_Eubosmina_longispina;18
MH321387_Eubosmina_longispina;18
MH321388_Eubosmina_longispina;18
MH321389_Eubosmina_longispina;18
MH321390_Eubosmina_longispina;18
MH321391_Eubosmina_longispina;18
MH321392_Eubosmina_longispina;18
MH321393_Eubosmina_longispina;18
MH321394_Eubosmina_longispina;18
MH321395_Eubosmina_longispina;18
MH321396_Eubosmina_longispina;18
MZ964905_B_sp1;18
MZ964907_B_sp1;18
OP829924_B_cf_longispina;18
OP829977_B_cf_coregoni;18
OP830017_B_cf_longispina;18
OP830043_B_cf_coregoni;18
OP830119_B_cf_longispina;18
OP830246_B_cf_coregoni;18
OP830292_B_cf_longispina;18
ZOOPS187N18_B_cf_longispina_Finland_BOLD_AAW7791;18
ZOOPS188N18_B_cf_longispina_Finland_BOLD_ADR9483;18
DNARA1511N21_Bosmina_Canada_BOLD_AEA3695;19
DNARA1513N21_Bosmina_Canada_BOLD_AEA3695;19
DNARA2094N21_Bosmina_Canada_BOLD_AEA3695;19
DNARA2096N21_Bosmina_Canada_BOLD_AEA3695;19
DNARA2097N21_Bosmina_Canada_BOLD_AEA3695;19
DNARA2325N21_Bosmina_Canada_BOLD_AEA3695;19
DNARA2326N21_Bosmina_Canada_BOLD_AEA3695;19
DNARA2371N21_Bosmina_Canada_BOLD_AEA3695;19
DNARA2372N21_Bosmina_Canada_BOLD_AEA3695;19
DNARA2373N21_Bosmina_Canada_BOLD_AEA3695;19
DNARA2374N21_Bosmina_Canada_BOLD_AEA3695;19
DNARA2375N21_Bosmina_Canada_BOLD_AEA3695;19
DNARA2952N21_Bosmina_Canada_BOLD_AEA3695;19
DNARA2953N21_Bosmina_Canada_BOLD_AEA3695;19
DNARA2954N21_Bosmina_Canada_BOLD_AEA3695;19
DNARA2955N21_Bosmina_Canada_BOLD_AEA3695;19
DNARA2956N21_Bosmina_Canada_BOLD_AEA3695;19
DNARA2957N21_Bosmina_Canada_BOLD_AEA3695;19
DNARC013N19_Bosmina_Canada_BOLD_AEA3695;19
GCHAR1120N19_Bosmina_Canada_BOLD_AEA3695;19
GCHAR1121N19_Bosmina_Canada_BOLD_AEA3695;19
GCHAR1122N19_Bosmina_Canada_BOLD_AEA3695;19
Liederobosmina_american_longispina02;20
MG936043_B_sp;20
MG936238_B_sp;20
MG936240_B_sp;20
MG936261_B_sp;20
MG936530_B_sp;20
MG936534_B_sp;20
OP830153_B_cf_longispina;20
OP830166_B_cf_longispina;20
Liederobosmina_tanakai02;21
AY075057_B_coregoni;22
ESP505N14_B_meridionalis_Czechia_BOLD_AAO1376;22
ESP506N14_Bosmina_Czechia_BOLD_AAO1376;22
ESP507N14_B_meridionalis_Czechia_BOLD_AAO1376;22
ESP508N14_B_meridionalis_Czechia_BOLD_AAO1376;22
ESP509N14_B_meridionalis_Czechia_BOLD_AAO1376;22
KINBZ009N22_B_longirostris_Israel_BOLD_AAO1376;22
B_longirostris_Argentina01aa;23
B_longirostris_Argentina03aa;23
B_longirostris_Argentina04aa;23
B_longirostris_Argentina05aa;23
B_longirostris_Argentina06aa;23
ESP197N12_Bosmina_Spain_BOLD_ACA1800;24
ESP198N12_Bosmina_Spain_BOLD_ACA1800;24
KINBZ001N22_B_longirostris_Israel_BOLD_AEO5856;25
KINBZ002N22_B_longirostris_Israel_BOLD_AEO5856;25
KINBZ003N22_B_longirostris_Israel_BOLD_AEO5856;25
KINBZ004N22_B_longirostris_Israel_BOLD_AEO5856;25
KINBZ005N22_B_longirostris_Israel_BOLD_AEO5856;25
KINBZ006N22_B_longirostris_Israel_BOLD_AEO5856;25
KINBZ007N22_B_longirostris_Israel_BOLD_AEO5856;25
KINBZ008N22_B_longirostris_Israel_BOLD_AEO5856;25
KINBZ010N22_B_longirostris_Israel_BOLD_AEO5856;25
KINBZ011N22_B_longirostris_Israel_BOLD_AEO5856;25
CAISN069N12_Bosmina_Canada_BOLD_ACL8120;26
DNARA1185N21_Bosmina_Canada_BOLD_AEA5586;26
DNARA1186N21_Bosmina_Canada_BOLD_AEA5586;26
DNARA1187N21_Bosmina_Canada_BOLD_AEA5586;26
DNARA1188N21_Bosmina_Canada_BOLD_AEA5586;26
DNARA1189N21_Bosmina_Canada_BOLD_AEA5586;26
DNARA1190N21_Bosmina_Canada_BOLD_AEA5586;26
DNARA1191N21_Bosmina_Canada_BOLD_AEA5586;26
DNARA1626N21_Bosmina_Canada_BOLD_AEA5586;26
DNARA1627N21_Bosmina_Canada_BOLD_AEA5586;26
DNARA1628N21_Bosmina_Canada_BOLD_AEA5586;26
DNARA1629N21_Bosmina_Canada_BOLD_AEA5586;26
DNARA1631N21_Bosmina_Canada_BOLD_AEA5586;26
DNARA1632N21_Bosmina_Canada_BOLD_AEA5586;26
DNARA1653N21_Bosmina_Canada_BOLD_AEA5586;26
DNARA1655N21_Bosmina_Canada_BOLD_AEA5586;26
DNARA1658N21_Bosmina_Canada_BOLD_AEA5586;26
DNARA1659N21_Bosmina_Canada_BOLD_AEA5586;26
DNARA1660N21_Bosmina_Canada_BOLD_AEA5586;26
DNARA1666N21_Bosmina_Canada_BOLD_AEA5586;26
DNARA1667N21_Bosmina_Canada_BOLD_AEA5586;26
DNARA1809N21_Bosmina_Canada_BOLD_AEA5586;26
DNARA1821N21_Bosmina_Canada_BOLD_AEA5586;26
DNARA1822N21_Bosmina_Canada_BOLD_AEA5586;26
DNARA1823N21_Bosmina_Canada_BOLD_AEA5586;26
DNARC068N19_Bosmina_Canada_BOLD_AEA5586;26
DNARC070N19_Bosmina_Canada_BOLD_AEA5586;26
ESP292N12_B_longirostris_Spain_BOLD_ACA9544;26
LC215476_B_cf_longirostris;26
BACZP1167N16_B_liederi_Canada_BOLD_ABZ8276;27
BACZP1230N16_B_liederi_Canada_BOLD_ABZ8276;27
BACZP1255N16_B_liederi_Canada_BOLD_ABZ8276;27
COAPP287N13_Bosmina_Canada_BOLD_AAI4721;27
COAPP288N13_Bosmina_Canada_BOLD_AAI4721;27
COAPP297N13_Bosmina_Canada_BOLD_AAI4721;27
COAPP411N13_B_liederi_Canada_BOLD_ABZ8276;27
EU702002_B_sp_BOLD_AAI4721;27
GLC040N06_B_liederi_Canada_Great_Lakes;27
HQ966466_B_liederi;27
HQ966467_B_liederi;27
HQ966468_B_liederi;27
HQ966469_B_liederi;27
HQ966470_B_liederi;27
HQ966471_B_liederi;27
JN233822_B_liederi;27
JN233823_B_liederi;27
JN233824_B_liederi;27
MG449147_B_liederi;27
MG449247_B_liederi;27
MG449280_B_liederi;27
MG449317_B_liederi;27
MG449441_B_liederi;27
MG449685_B_liederi;27
MG449744_B_liederi;27
MG449799_B_liederi;27
MG449841_B_liederi;27
MG449847_B_liederi;27
OP829920_B_liederi;27
OP830104_B_liederi;27
OP829953_B_liederi;28
OP830059_B_liederi;28
OP830253_B_liederi;28
CAISN079N12_B_liederi_Canada_BOLD_ABZ8276;29
ESP199N12_B_liederi_Spain_BOLD_ABZ8276;29
ESP200N12_B_liederi_Spain_BOLD_ABZ8276;29
ESP201N12_B_liederi_Spain_BOLD_ABZ8276;29
KT705731_B_liederi;29
KT706147_B_liederi;29
KT707374_B_liederi;29
KT707760_B_liederi;29
MG448613_B_liederi;29
MG448631_B_liederi;29
MG448650_B_liederi;29
MG448657_B_liederi;29
MG448707_B_liederi;29
MG448765_B_liederi;29
MG448819_B_liederi;29
MG448897_B_liederi;29
MG448968_B_liederi;29
MG448971_B_liederi;29
MG449046_B_liederi;29
MG449067_B_liederi;29
MG449077_B_liederi;29
MG449102_B_liederi;29
MG449180_B_liederi;29
MG449184_B_liederi;29
MG449207_B_liederi;29
MG449253_B_liederi;29
MG449265_B_liederi;29
MG449273_B_liederi;29
MG449315_B_liederi;29
MG449340_B_liederi;29
MG449357_B_liederi;29
MG449359_B_liederi;29
MG449386_B_liederi;29
MG449436_B_liederi;29
MG449478_B_liederi;29
MG449481_B_liederi;29
MG449492_B_liederi;29
MG449530_B_liederi;29
MG449575_B_liederi;29
MG449583_B_liederi;29
MG449668_B_liederi;29
MG449712_B_liederi;29
MG449716_B_liederi;29
MG449821_B_liederi;29
MG449857_B_liederi;29
MG449875_B_liederi;29
MG449888_B_liederi;29
MG449897_B_liederi;29
MG449969_B_liederi;29
MG449972_B_liederi;29
MG450047_B_liederi;29
MG450050_B_liederi;29
MG450151_B_liederi_AK;29
MG450153_B_liederi;29
MG450170_B_liederi;29
MG450174_B_liederi;29
MG450204_B_liederi;29
MG450208_B_liederi;29
MG450272_B_liederi;29
MG450291_B_liederi;29
MG450294_B_liederi;29
MG450318_B_liederi;29
OP830155_B_liederi;29
OP830311_B_liederi;29
DNARA1457N21_Bosmina_Canada_BOLD_AEN5568;30
DNARA1630N21_Bosmina_Canada_BOLD_AEN5568;30
DNARA1682N21_Bosmina_Canada_BOLD_AEN5568;30
DNARA1683N21_Bosmina_Canada_BOLD_AEN5568;30
DNARA1684N21_Bosmina_Canada_BOLD_AEN5568;30
DNARA1811N21_Bosmina_Canada_BOLD_AEN5568;30
DNARA1812N21_Bosmina_Canada_BOLD_AEN5568;30
LC215478_B_cf_longirostris;31
LC215479_B_cf_longirostris;31
LC215480_B_cf_longirostris;31
DNARA1652N21_Bosmina_Canada_BOLD_AEN5581;32
DNARA1820N21_Bosmina_Canada_BOLD_AEN5581;32
LC215477_B_cf_longirostris;33
MW786945_B_fatalis;33
BACZP387N16_B_longirostris_Mexico_BOLD_AAD9496;34
EU702018_B_longirostris;34
EU702019_B_longirostris;34
EU702020_B_longirostris;34
HM883958_B_longirostris;34
HM883961_B_longirostris;34
HM883995_B_longirostris;34
HM883999_B_longirostris;34
MG450147_B_longirostris;34
ZPLKA177N15_B_longirostris_Mexico_BOLD_AAD9496;34
ZPLV090N17_B_longirostris_Mexico_BOLD_AAD9496;34
ZPLV091N17_B_longirostris_Mexico_BOLD_AAD9496;34
ZPLV092N17_B_longirostris_Mexico_BOLD_AAD9496;34
ZPLV097N17_B_longirostris_Mexico_BOLD_AAD9496;34
ZPLV098N17_B_longirostris_Mexico_BOLD_AAD9496;34
COAPP312N13_Bosmina_Canada_BOLD_ABX4934;35
COAPP558N13_Bosmina_Canada_BOLD_ABX4934;35
MG448688_B_longirostris;35
MG448689_B_longirostris;35
MG448838_B_longirostris;35
MG449713_B_longirostris;35
MG449850_B_longirostris;35
MG449851_B_longirostris;35
MG449952_B_longirostris;35
MG449967_B_longirostris_FREYI2_AK;35
MG449982_B_longirostris;35
MG450021_B_longirostris;35
MG450033_B_longirostris;35
MG450086_B_longirostris;35
ZPLCA001N06_Bosmina_Canada_BOLD_ABX4934;35
BBCRU025N10_Bosmina_Canada_BOLD_AAV0686;36
JN290618_Anomopoda_sp_BOLD_AAV0686;36
JN290619_Anomopoda_sp_BOLD_AAV0686;36
JN290620_Anomopoda_sp_BOLD_AAV0686;36
JN290621_Anomopoda_sp_BOLD_AAV0686;36
JN290621_Anomopoda_sp_BOLD_AAV06865;36
JN290622_Anomopoda_sp_BOLD_AAV0686;36
KM611608_B_sp_BOLD_AAV0686;36
EU702000_B_sp_BOLD_AAI4722;37
EU702001_B_sp_BOLD_AAI4722;37
BBCRU249N12_Bosmina_Canada_BOLD_ACA6834;38
COAPP296N13_Bosmina_Canada_BOLD_ACA6834;38
COAPP303N13_Bosmina_Canada_BOLD_ACA6834;38
COAPP530N13_Bosmina_Canada_BOLD_ACA6834;38
ECCAJ025N23_Bosmina_Ecuador_BOLD_ACA6834;38
ECCAJ036N23_Bosmina_Ecuador_BOLD_ACA6834;38
ECCAJ039N23_Bosmina_Ecuador_BOLD_ACA6834;38
ECCAJ040N23_Bosmina_Ecuador_BOLD_ACA6834;38
ECCAJ051N23_Bosmina_Ecuador_BOLD_ACA6834;38
ECCAJ067N23_Bosmina_Ecuador_BOLD_ACA6834;38
ECCAJ114N23_Bosmina_Ecuador_BOLD_ACA6834;38
ECCAJ129N23_Bosmina_Ecuador_BOLD_ACA6834;38
ECCAJ131N23_Bosmina_Ecuador_BOLD_ACA6834;38
ECCAJ132N23_Bosmina_Ecuador_BOLD_ACA6834;38
ECCAJ133N23_Bosmina_Ecuador_BOLD_ACA6834;38
ECCAJ134N23_Bosmina_Ecuador_BOLD_ACA6834;38
ECCAJ136N23_Bosmina_Ecuador_BOLD_ACA6834;38
ECCAJ247N23_Bosmina_Ecuador_BOLD_ACA6834;38
ECCAJ268N23_Bosmina_Ecuador_BOLD_ACA6834;38
ECCAJ270N23_Bosmina_Ecuador_BOLD_ACA6834;38
ECCAJ280N23_Bosmina_Ecuador_BOLD_ACA6834;38
ECCAJ305N23_Bosmina_Ecuador_BOLD_ACA6834;38
ECCAJ317N23_Bosmina_Ecuador_BOLD_ACA6834;38
ECCAJ480N23_Bosmina_Ecuador_BOLD_ACA6834;38
ECCAJ485N24_Bosmina_Ecuador_BOLD_ACA6834;38
ECCAJ494N24_Bosmina_Ecuador_BOLD_ACA6834;38
KU315493_B_freyi;38
LC215481_B_sp;38
KC616781_B_cf_liederi;39
KC616782_B_cf_liederi;39
KC616783_B_cf_liederi;39
KC616784_B_cf_liederi;39
KC616785_B_cf_liederi;39
KC617495_B_cf_liederi;39
KC617496_B_cf_liederi;39
KC617497_B_cf_liederi;39
KC617498_B_cf_liederi;39
KC617499_B_cf_liederi;39
KY091157_B_sp_Taihuzoo;40
LC215471_B_fatalis;40
LC215472_B_fatalis;40
LC215473_B_fatalis;40
LC215474_B_fatalis;40
LC215475_B_fatalis;40
MW770308_B_fatalis;40
